Workbook
Name DATA: Table_1[]
Name Category: 'Size Options'!$C$2:$C$4389
Name Size: 'Size Options'!$B$2:$B$4408
Name Categ: #REF!
Name Category_v: 'Size Options'!$A$2:$A$4408
Name Sizes: 'Size Options'!$A$2:$B$4408
Name Sub_Cat: #REF!
Name Colors: 'Color Mapping'!$A$1:$A$15

Sheet START HERE Instructions
A1: GETTING STARTED
A2: Bulk Upload is an advanced listing management tool that allows you to create and manage listings in bulk on Poshmark faster and more efficiently than ever before.
A3: If this is your first time, begin by using this spreadsheet to create a couple of Draft listings to begin, and review the listing details to ensure they’re appearing as desired.
A5: List More: Inventory sitting around that you haven’t gotten around to listing? With Bulk Upload, you can list more inventory utilizing spreadsheets to create multiple listings at once. | J5: s
A6: List Faster: You no longer have to copy and paste your listing details into our Single Listing Creation form. With Bulk Upload, you can quickly copy your listing details into our spreadsheet templates.
A7: If you’re creating multiple listings with similar listing details, replicate the listing details in multiple cells easily using Excel’s copy and drag features.
A8: Inventory Management: You can use the same file to action listings by simply adding new listings into your existing file. Listings that already exist in your closet will not be duplicated.
A9: This way, your file can act as a spreadsheet version of your closet, used to manage and track all your listings.
A11: GUIDELINES
A12: 1. When creating new listings or editing existing ones, all columns in red are required. Required fields indicate the baseline values needed to create or edit listings.
A13: Tip: Download My Inventory Report to quickly populate many of the listing details for existing listings in your closet.
A14: 2. Some fields will have dropdown menus to select from and some fields will be free form text. For the fields with free form text, please take note of character and symbol limitations noted on the legend below.
A15: 3. Each row of the spreadsheet equates to one size of the listing.
A16: 4. We determine whether you are intending to Create new listings or Edit existing ones based on the SKU value in column A.
A17: 4a. If the SKU does not exist in your closet, we will create a new listing with the given listing details.
A18: 4b. If the SKU input matches the SKU of an existing listing in your closet, we will edit that listing to match to new listing details provided in your most recent file upload.
... A75: Table 1.1
A76: SKU | B76: Title | C76: Quantity | D76: Size | E76: VariantGroupID | F76: VariantType | G76: VariantAttribute
A77: (Required) Unique SKU per size (you create this!) | B77: (Required) What are you selling? | C77: (Required) How many? Specific to the size listed | D77: (Required) Select from dropdown Item sizing? Each row is a unique size | E77: Required for multi-item listings Also known as Listing SKU, is consistent across Variant | F77: Required for multi-item listings Select from dropdown | G77: Use for multi-item listings Select from dropdown
A78: BLUEPANT00S | B78: High Waisted Relaxed Fit Jean | C78: 4 | D78: S | E78: BLUPNT001 | F78: Parent | G78: Size
A79: BLUEPANT00M | C79: 5 | D79: M | E79: BLUPNT001 | F79: Child
A80: BLUEPANT00L | C80: 7 | D80: L | E80: BLUPNT001 | F80: Child
A81: BLUEPANT00XL | C81: 8 | D81: XL | E81: BLUPNT001 | F81: Child

Sheet Legend
A2: LEGEND
A3: Attribute | B3: Possible values | C3: Description
A4: SKU Required 500 Character Limit Max 4 Character Limit Min | B4: TTL-0004-3333 BLUEPANT012 | C4: A stock-keeping unit (SKU) is a product identifier for a specific item. SKUs have to be unique to each item.
A5: ProductID 14 Character Limit Max | B5: 194610749753 00614141000012 | C5: UPCs and GTINs are found on the item tag and are created by original manufacturer. Either a UPC or a GTIN can be provided.
A6: Title Required 80 Character Limit Max | B6: Poshmark Fashion Gold Beaded Cocktail Dress (S) | C6: Share key details about what you're selling like Brand, Size, and Color.
A7: Description Required 1500 Character Limit Max | B7: This little number is so stunning in person. It will be a great piece to have once party season picks up again! There are some stains in the lining, it is hardly noticeable. Please refer to photos, price adjusted accordingly. | C7: Tell shoppers about your listing by describing the Brand, Size, Color, Condition, Material, and any other noteworthy details. To create a blank line, you must enter a newline directly into the cell. No special characters or html accepted. See possible values for example.
A8: Department Required | B8: Women Men | C8: Add the department that your item falls into.
A9: Category Required | B9: Women Accessories Men Shoes | C9: Add details about what your item is to help your buyers find your item quickly.
A10: Sub-Category | B10: Womens Accessories Hats Mens Shoes Boots | C10: Add further details about the type of sub-category that your item best fits in.
A11: Quantity Required | B11: 3 | C11: Share how many units of the item that you have available. The quantity is specific to the size listed and each row should equate to one size. If you have 3 of the exact same skirts in the same size, then this number would be 3.
A12: Size Required | B12: S M L | C12: Select sizes appropriate for your products' market, category, and sub-category from the size dropdown on the create listing page and enter the corresponding value in this spreadsheet. Custom sizes can be entered but should only be used sparingly.
A13: Condition Required | B13: NWT Like New Good Fair | C13: Condition signifies the state of the item at the time of listing creation. New With Tags (NWT): Brand new with original tags or packaging Like New: New without tags or like new Good: Gently used with minimal signs of wear, to note in description or photos Fair: Clearly used with visible wear, to note in description or photos
A14: Brand | B14: Poshmark Fashion | C14: Add details about who produced the item to help your buyers find your item quickly.
A15: Color (1-2) | B15: Blue Red | C15: Select up to two colors via the dropdown. One color per column.
A16: VariantGroupID 50 Character Limit Max VariantType VariantAttribute | B16: VariantGroupID: RedDressGR1 VariantType: Parent VariantAttribute: Size VariantGroupID: RedDressGR1 VariantType: Child | C16: For creating a listing with multiple size variations, there will be a parent-child relationship for the following fields: VariantGroupID VariantType VariantAttribute See specific directions above in the HOW TO UPLOAD VARIANTS section and examples in Table 1.1
A17: Style Tag (1-3) 25 Character Limit Max | B17: 90's A-Line Abstract Acrylic Animal Print Art Deco | C17: Make it easy for buyers to find your listings by selecting or creating up to 3 tags to describe your item (aesthetic, material, style, etc.). Buyers will be able to search and browse our catalog using style tags. Style tags are alphanumeric text strings that can include the following special characters: ' apostrophe - Dash (Hyphen-Minus) & Ampersand Space
A18: Original Price Required | B18: 100 | C18: The original price of the item when first purchased. Please round pricing to whole dollar amounts (no decimals), i.e. whole USD
A19: Listing Price Required | B19: 75 | C19: The price you want to list the item at. Please round pricing to whole amounts, i.e. whole USD
A20: Shipping Discount | B20: <blank> 4.99 FREE | C20: PoshPost allows for items to be shipped with a prepaid label via USPS. Buyers pay a flat fee for shipping. Sellers have the option to include discounted shipping. Standard shipping rate applies if this column is left blank.
A21: Availability Required | B21: For Sale Not for Sale Drops Draft | C21: Select the availabilty of the listing that you would like at the time of publish. If "For Sale", "Not for Sale", or "Drops" is selected, items will immediately appear in your closet if no errors occur during item setup. If "Drops" is selected, "Drop time" becomes a required attribute and indicated the time that the item should become available for purchase. If "Draft" is selected, items will be setup as "Draft" listings. Selecting Draft allows you to review your new listings before manually publishing them to your closet. You can find your draft folder on the create listing page. Please note that if you prefer to upload images from mobile or at a later time, you would choose "Draft" as the availability. Once saved and uploaded to drafts, you can upload individually from your device.
A22: Drop time Required when Drops selected for Availability | B22: 02/08/21 12 PM 02/08/21 12:30 PM | C22: If "Drops" is selected, enter the drop time for a "drops soon" listing to indicate the time that the item should become available for purchase. Drop time must be within 7 days from initial file upload. MM/DD/YY HH:MM AM/PM (available in 30min increments only)
A23: Other Info 500 Character Limit Max | C23: This is an opportunity to write yourself private notes about a specific item. This field is only visible to you on "edit listing" page. Cells support plain text only, no bulleted list or text formatting.
A24: Copy Listing? | B24: Y N | C24: Are you cloning or copying an existing listing? If copying, mark Y for yes or N for no.
A25: Update Existing SKU? | B25: Y | C25: Are you updating the SKU of an existing listing? Mark Y for yes.
A26: New SKU Required when Update Existing SKU is marked Y 500 Character Limit Max | B26: TTL-0004-3333 BLUEPANT012 | C26: Enter the new SKU you would like to update the existing listing to. As a reminder, a stock-keeping unit (SKU) is a product identifier for a specific item. SKUs have to be unique to each item. SKUs can contain only the following special characters: - Dash
A27: Primary Image Required when Availability is marked For Sale, Not for Sale, or Drops 400 Character Limit Max | B27: https://di2ponv0v5otw.cloudfront.net/posts/2019/09/03/5d6ea243b146cc18281e18f6/m_5d6ea2627a81732d756feffc.jpg | C27: The Primary image is the Covershot for the listing. DO have a clear view of the main product being sold DO accurately display the entire product. DO use a solid white or transparent background color. DON’T use props that cover the product. DON’T use a generic image, graphic, or illustration. DON’T use an image with a border or watermark. See image specific directions above in the HOW TO UPLOAD PHOTOS section.
A28: Alt Image 1-15 400 Character Limit Max | B28: https://di2ponv0v5otw.cloudfront.net/posts/2019/09/03/5d6ea243b146cc18281e18f6/m_5d6ea264248f7a5a12051247.jpg | C28: Option to add up to 15 alt images for each listing. Alt images should be supplemental to main images and should show different elements or details of the product. Alt image examples are the back, sides, and tags of the item. See image specific directions above in the HOW TO UPLOAD PHOTOS section.

Sheet Dept Cat Subcat Taxonomy
A1: Department | B1: Category | C1: Subcategory
A2: Women | B2: Dresses | C2: Asymmetrical
A3: Women | B3: Dresses | C3: Backless
A4: Women | B4: Dresses | C4: High Low
A5: Women | B5: Dresses | C5: Long Sleeve
A6: Women | B6: Dresses | C6: Maxi
A7: Women | B7: Dresses | C7: Midi
A8: Women | B8: Dresses | C8: Mini
A9: Women | B9: Dresses | C9: One Shoulder
A10: Women | B10: Dresses | C10: Prom
A11: Women | B11: Dresses | C11: Strapless
A12: Women | B12: Dresses | C12: Wedding
... A634: Electronics | B634: Portable Audio & Video | C634: Radios

Sheet Size Taxonomy
A1: Category | B1: Size
A2: Accessories | B2: OS
A3: Accessories | B3: OSEU
A4: Accessories | B4: OSAU
A5: Accessories | B5: OSUK
A6: Bags | B6: OS
A7: Bags | B7: OSEU
A8: Bags | B8: OSAU
A9: Bags | B9: OSUK
A10: Jewelry | B10: OS
A11: Jewelry | B11: OSEU
A12: Jewelry | B12: OSAU
... A21: Other | B21: OSUK
A22: Shoes | B22: 5
A23: Shoes | B23: 5.5
A24: Shoes | B24: 6
A25: Shoes | B25: 6.5
A26: Shoes | B26: 7
A27: Shoes | B27: 7.5
A28: Shoes | B28: 8
A29: Shoes | B29: 8.5
A30: Shoes | B30: 9
A31: Shoes | B31: 9.5
A32: Shoes | B32: 10
A33: Shoes | B33: 10.5
... A38: Shoes | B38: 13
A39: Shoes | B39: 34.5EU
A40: Shoes | B40: 35EU
A41: Shoes | B41: 35.5EU
A42: Shoes | B42: 36EU
A43: Shoes | B43: 36.5EU
A44: Shoes | B44: 37EU
A45: Shoes | B45: 37.5EU
A46: Shoes | B46: 38EU
A47: Shoes | B47: 38.5EU
A48: Shoes | B48: 39EU
A49: Shoes | B49: 39.5EU
A50: Shoes | B50: 40EU
... A91: Shoes | B91: 11UK
A92: Dresses | B92: 0
A93: Dresses | B93: 0
A94: Dresses | B94: 2
A95: Dresses | B95: 4
A96: Dresses | B96: 6
A97: Dresses | B97: 8
A98: Dresses | B98: 10
A99: Dresses | B99: 12
A100: Dresses | B100: XXS
A101: Dresses | B101: XS
A102: Dresses | B102: S
A103: Dresses | B103: M
A104: Dresses | B104: L
A105: Dresses | B105: XL
A106: Dresses | B106: 30EU
A107: Dresses | B107: 32EU
A108: Dresses | B108: 34EU
A109: Dresses | B109: 36EU
A110: Dresses | B110: 38EU
A111: Dresses | B111: 40EU
... A147: Dresses | B147: XLUK
A148: Dresses | B148: 14
A149: Dresses | B149: 14W
A150: Dresses | B150: 16
A151: Dresses | B151: 16W
A152: Dresses | B152: 18
A153: Dresses | B153: 18W
A154: Dresses | B154: 20
A155: Dresses | B155: 20W
A156: Dresses | B156: 22
A157: Dresses | B157: 22W
A158: Dresses | B158: 24
A159: Dresses | B159: 24W
A160: Dresses | B160: 26
A161: Dresses | B161: 26W
A162: Dresses | B162: 28
A163: Dresses | B163: 28W
A164: Dresses | B164: 30
A165: Dresses | B165: 30W
A166: Dresses | B166: 32
A167: Dresses | B167: 32W
A168: Dresses | B168: XXL
A169: Dresses | B169: XXXL
A170: Dresses | B170: 0X
A171: Dresses | B171: 1X
A172: Dresses | B172: 2X
A173: Dresses | B173: 3X
A174: Dresses | B174: 4X
A175: Dresses | B175: 5X
A176: Dresses | B176: 46EU
A177: Dresses | B177: 48EU
A178: Dresses | B178: 50EU
... A515: Dresses | B515: 5XMUK
A516: Skirts | B516: 0
A517: Skirts | B517: 0
A518: Skirts | B518: 2
A519: Skirts | B519: 4
A520: Skirts | B520: 6
A521: Skirts | B521: 8
A522: Skirts | B522: 10
A523: Skirts | B523: 12
...

Sheet Examples
A1: SKU | B1: ProductID (GTIN) | C1: Title | D1: Description | E1: Department | F1: Category | G1: Sub-category | H1: Quantity | I1: Size | J1: Condition | K1: Brand | L1: Color1 | M1: Color2 | N1: VariantGroupID | O1: VariantType | P1: VariantAttribute | Q1: Style Tag1 | R1: Style Tag2 | S1: Style Tag3 | T1: Orig price | U1: Listing price | V1: Shipping Discount | W1: Price Floor Percent | X1: Minimum Price | Y1: Availability | Z1: Drop time | AA1: Other info | AB1: Copy Listing? | AC1: Update Existing SKU? | AD1: NEW SKU | AE1: Primary image | AF1: Alt image 1 | AG1: Alt image 2 | AH1: Alt image 3 | AI1: Alt image 4 | AJ1: Alt image 5 | AK1: Alt image 6 | AL1: Alt image 7 | AM1: Alt image 8 | AN1: Alt image 9 | AO1: Alt image 10 | AP1: Alt image 11 | AQ1: Alt image 12 | AR1: Alt image 13 | AS1: Alt image 14 | AT1: Alt image 15
A2: (Required) Unique SKU per size (you create this!) | B2: UPC / GTIN | C2: (Required) What are you selling? | D2: (Required) Plain text only No bulleted lists No text formatting Newline characters accepted | E2: (Required) Select from dropdown | F2: (Required) Select from dropdown | G2: Select from dropdown | H2: (Required) How many? Specific to the size listed | I2: (Required) Select from dropdown Item sizing? Each row is a unique size | J2: NWT Like New Good Fair | K2: Brand or designer | L2: Select from dropdown | M2: Select from dropdown | N2: Required for multi-item listings Also known as Listing SKU, is consistent across Variant | O2: Required for multi-item listings Select from dropdown | P2: Use for multi-item listings Select from dropdown | Q2: Describe the aesthetic, style, etc | R2: Describe the aesthetic, style, etc | S2: Describe the aesthetic, style, etc | T2: (Required) Original price of item | U2: (Required) Your item price | V2: Select from Dropdown Leave blank for No Shipping Discount. | W2: Turns on Smart Sell, a tool that automates sending, countering, and accepting offers based on your price floor percent. Enter a whole number representing the largest percent off the Listing Price (no % sign) that you are willing to accept. Fill in either this field or Minimum Price, not both. Leave blank to keep Smart Sell off. | X2: Turns on Smart Sell, a tool that automates sending, countering, and accepting offers based on your minimum price. Enter the minimum acceptable price as a number (no $ symbol). Fill in either this field or Price Floor Percent, not both. Leave blank to keep Smart Sell off. | Y2: (Required) For Sale, Not for Sale, Draft, or Drops | Z2: Date and Time for Drops Soon listing | AA2: Private notes about the item | AB2: Are you Copying an existing listing vs creating it for the first time? | AC2: Are you updating an existing sku? | AD2: (Required if updating) | AE2: (Required for all availability types except Drafts) URL to image from online cloud | AF2: URL to image | AG2: URL to image | AH2: URL to image | AI2: URL to image | AJ2: URL to image | AK2: URL to image | AL2: URL to image | AM2: URL to image | AN2: URL to image | AO2: URL to image | AP2: URL to image | AQ2: URL to image | AR2: URL to image | AS2: URL to image | AT2: URL to image
A3: REDDRESS001 | B3: 194610749754 | C3: SINGLE ITEM LISTING EXAMPLE | D3: This little number is so stunning in person. It will be a great piece to have once party season picks up again! There are some stains in the lining, it is hardly noticeable. Please refer to photos, price adjusted accordingly. MEASUREMENTS: Length (Shoulder to hem): 33", Bust: 19", Waist: 20" | E3: Women | F3: Dresses | G3: Long Sleeve | H3: 1 | I3: S | L3: Red | M3: Black | Q3: Bohemian | R3: Silk | T3: 168 | U3: 75 | W3: 30 | Y3: For Sale | AA3: Bin123 | AE3: https://di2ponv0v5otw.cloudfront.net/posts/2019/09/03/5d6ea243b146cc18281e18f6/m_5d6ea2627a81732d756feffc.jpg | AF3: https://di2ponv0v5otw.cloudfront.net/posts/2019/09/03/5d6ea243b146cc18281e18f6/m_5d6ea264248f7a5a12051247.jpg | AG3: https://di2ponv0v5otw.cloudfront.net/posts/2019/09/03/5d6ea243b146cc18281e18f6/m_5d6ea266afade89d82a4cd84.jpg
A4: BLUEPANT000 | B4: 194610749753 | C4: MULTI ITEM LISTING EXAMPLE | D4: You deserve to live in comfort so start from the bottom in these soft elastic waist wide-leg pants. Style with your favorite loose-fit graphic t-shirt. 48% Rayon 48% Polyester 4% Spandex. Please note that we are unable to negotiate the listing price at this time therefore the listing price is firm. We ask that you please do not send in any offers at the time. Thank you for your understanding! | E4: Women | F4: Pants & Jumpsuits | G4: Wide Leg | H4: 4 | I4: 0 | J4: NWT | L4: Blue | N4: BLUPNT001 | O4: Parent | P4: Size | Q4: Luxury | T4: 150 | U4: 50 | W4: 10 | Y4: For Sale | AA4: Bin124 | AE4: https://di2ponv0v5otw.cloudfront.net/posts/2019/09/03/5d6ea243b146cc18281e18f6/m_5d6ea2627a81732d756feffc.jpg | AF4: https://di2ponv0v5otw.cloudfront.net/posts/2019/09/03/5d6ea243b146cc18281e18f6/m_5d6ea264248f7a5a12051247.jpg | AG4: https://di2ponv0v5otw.cloudfront.net/posts/2019/09/03/5d6ea243b146cc18281e18f6/m_5d6ea266afade89d82a4cd84.jpg
A5: BLUEPANT002 | B5: 194610749746 | H5: 5 | I5: 2 | J5: NWT | N5: BLUPNT001 | O5: Child
A6: BLUEPANT004 | B6: 194610749739 | H6: 7 | I6: 4 | J6: NWT | N6: BLUPNT001 | O6: Child
A7: BLUEPANT006 | B7: 194610749760 | H7: 8 | I7: 6 | J7: NWT | N7: BLUPNT001 | O7: Child
A8: BLUEPANT008 | B8: 194610749722 | H8: 8 | I8: 8 | J8: NWT | N8: BLUPNT001 | O8: Child
A9: BLUEPANT010 | B9: 194610749777 | H9: 6 | I9: 10 | J9: NWT | N9: BLUPNT001 | O9: Child
A10: BLUEPANT012 | B10: 194610749814 | H10: 3 | I10: 12 | J10: NWT | N10: BLUPNT001 | O10: Child

Sheet Listing Details
A1: SKU | B1: ProductID (GTIN) | C1: Title | D1: Description | E1: Department | F1: Category | G1: Sub-category | H1: Quantity | I1: Size | J1: Condition | K1: Brand | L1: Color1 | M1: Color2 | N1: VariantGroupID | O1: VariantType | P1: VariantAttribute | Q1: Style Tag1 | R1: Style Tag2 | S1: Style Tag3 | T1: Orig price | U1: Listing price | V1: Shipping Discount | W1: Price Floor Percent | X1: Minimum Price | Y1: Availability | Z1: Drop time | AA1: Other info | AB1: Copy Listing? | AC1: Update Existing SKU? | AD1: NEW SKU | AE1: Primary image | AF1: Alt image 1 | AG1: Alt image 2 | AH1: Alt image 3 | AI1: Alt image 4 | AJ1: Alt image 5 | AK1: Alt image 6 | AL1: Alt image 7 | AM1: Alt image 8 | AN1: Alt image 9 | AO1: Alt image 10 | AP1: Alt image 11 | AQ1: Alt image 12 | AR1: Alt image 13 | AS1: Alt image 14 | AT1: Alt image 15
A2: (Required) Unique SKU per size (you create this!) | B2: UPC / GTIN | C2: (Required) What are you selling? | D2: (Required) Plain text only No bulleted lists No text formatting Newline characters accepted | E2: (Required) Select from dropdown | F2: (Required) Select from dropdown or copy from Taxonomy tab | G2: Select from dropdown or copy from Taxonomy tab | H2: (Required) How many? Specific to the size listed | I2: (Required) Select from dropdown or copy from Taxonomy tab. Item sizing? Each row is a unique size | J2: NWT Like New Good Fair | K2: Brand or designer | L2: Select from dropdown | M2: Select from dropdown | N2: Required for multi-item listings Also known as Listing SKU, is consistent across Variant | O2: Required for multi-item listings Select from dropdown | P2: Use for multi-item listings Select from dropdown | Q2: Describe the aesthetic, style, etc | R2: Describe the aesthetic, style, etc | S2: Describe the aesthetic, style, etc | T2: (Required) Original price of item | U2: (Required) Your item price | V2: Select from Dropdown Leave blank for No Shipping Discount. | W2: Turns on Smart Sell, a tool that automates sending, countering, and accepting offers based on your price floor percent. Enter a whole number representing the largest percent off the Listing Price (no % sign) that you are willing to accept. Fill in either this field or Minimum Price, not both. Leave blank to keep Smart Sell off. | X2: Turns on Smart Sell, a tool that automates sending, countering, and accepting offers based on your minimum price. Enter the minimum acceptable price as a number (no $ symbol). Fill in either this field or Price Floor Percent, not both. Leave blank to keep Smart Sell off. | Y2: (Required) For Sale, Not for Sale, Draft, or Drops | Z2: Date and Time for Drops Soon listing | AA2: Private notes about the item | AB2: Are you Copying an existing listing vs creating it for the first time? | AC2: Are you updating an existing sku? | AD2: (Required if updating) | AE2: (Required for all availability types except Drafts) URL to image from online cloud | AF2: URL to image | AG2: URL to image | AH2: URL to image | AI2: URL to image | AJ2: URL to image | AK2: URL to image | AL2: URL to image | AM2: URL to image | AN2: URL to image | AO2: URL to image | AP2: URL to image | AQ2: URL to image | AR2: URL to image | AS2: URL to image | AT2: URL to image
A3: FP001 | C3: NWT Free People Carpe Diem Shorts - Black - S | D3: NWT Free People Carpe Diem Shorts - Black - S Perfect for your next run or workout, these FP Movement shorts feature a high-rise, stretch-knit waistband and a relaxed fit. Crafted from durable, water-resistant fabric, they include built-in briefs for extra coverage and a convenient interior waistband pocket for small essentials. The effortless pull-on design ensures maximum comfort and support through every movement. Brand new with tags and the original retail price of $40.00 | E3: Women | F3: Shorts | H3: 2 | I3: S | J3: NWT | K3: Free People | L3: Black | N3: FP001 | Q3: Athletic | R3: Activewear | T3: 40 | U3: 30 | Y3: Not For Sale | AE3: https://images.urbndata.com/is/image/FreePeople/88138201_001_g/?$a15-pdp-detail-shot$&fit=constrain&fmt=webp&qlt=80&wid=1314
A4: FP003 | C4: NWT Free People Carpe Diem Short - Blueberry - S | D4: NWT Free People Carpe Diem Short - Blueberry - S The Carpe Diem shorts from FP Movement feature a relaxed, high-waisted fit designed for both performance and lounging. Crafted from durable, water-resistant fabric, these shorts include built-in briefs for added coverage and a comfortable stretch-knit waistband with a hidden interior pocket. Brand new with tags and the original retail price of $40.00 | E4: Women | F4: Shorts | H4: 1 | I4: S | J4: NWT | K4: Free People | L4: Blue | Q4: Athletic | R4: Activewear | T4: 40 | U4: 30 | Y4: Not For Sale | AE4: https://images.urbndata.com/is/image/FreePeople/88138201_048_b/?$a15-pdp-detail-shot$&fit=constrain&fmt=webp&qlt=80&wid=1314
A5: FP005 | C5: NWT Free People Carpe Diem Short - Pink/Rose | D5: NWT Free People Carpe Diem Short - Pink/Rose The Carpe Diem shorts from FP Movement feature a relaxed, high-waisted fit designed for both performance and lounging. Crafted from durable, water-resistant fabric, these shorts include built-in briefs for added coverage and a comfortable stretch-knit waistband with a hidden interior pocket. Brand new with tags and the original retail price of $40.00 | E5: Women | F5: Shorts | H5: 2 | I5: S | J5: NWT | K5: Free People | L5: Pink | N5: FPCPPINK1 | O5: Parent | P5: Size | Q5: Athletic | R5: Activewear | T5: 40 | U5: 30 | Y5: Not For Sale | AE5: https://images.urbndata.com/is/image/FreePeople/88138201_066_e/?$redesign-zoom-5x$
A6: FP006 | C6: NWT Free People Carpe Diem Short - Pink/Rose | D6: NWT Free People Carpe Diem Short - Pink/Rose The Carpe Diem shorts from FP Movement feature a relaxed, high-waisted fit designed for both performance and lounging. Crafted from durable, water-resistant fabric, these shorts include built-in briefs for added coverage and a comfortable stretch-knit waistband with a hidden interior pocket. Brand new with tags and the original retail price of $40.00 | E6: Women | F6: Shorts | H6: 3 | I6: M | J6: NWT | K6: Free People | L6: Pink | N6: FPCPPINK1 | O6: Child | Q6: Athletic | R6: Activewear | T6: 40 | U6: 30 | Y6: Not For Sale | AE6: https://images.urbndata.com/is/image/FreePeople/88138201_001_g/?$a15-pdp-detail-shot$&fit=constrain&fmt=webp&qlt=80&wid=1314
A7: FP007 | C7: NWT Free People Carpe Diem Short - Pink/Rose | D7: NWT Free People Carpe Diem Short - Pink/Rose The Carpe Diem shorts from FP Movement feature a relaxed, high-waisted fit designed for both performance and lounging. Crafted from durable, water-resistant fabric, these shorts include built-in briefs for added coverage and a comfortable stretch-knit waistband with a hidden interior pocket. Brand new with tags and the original retail price of $40.00 | E7: Women | F7: Shorts | H7: 1 | I7: XS | J7: NWT | K7: Free People | L7: Pink | N7: FPCPPINK1 | O7: Child | Q7: Athletic | R7: Activewear | T7: 40 | U7: 30 | Y7: Not For Sale | AE7: https://images.urbndata.com/is/image/FreePeople/88138201_001_g/?$a15-pdp-detail-shot$&fit=constrain&fmt=webp&qlt=80&wid=1314
A8: FP008 | C8: NWT Free People Carpe Diem Short - Red - M | D8: NWT Free People Carpe Diem Short - Red The Carpe Diem shorts from FP Movement feature a relaxed, high-waisted fit designed for both performance and lounging. Crafted from durable, water-resistant fabric, these shorts include built-in briefs for added coverage and a comfortable stretch-knit waistband with a hidden interior pocket. Brand new with tags and the original retail price of $40.00 | E8: Women | F8: Shorts | H8: 2 | I8: M | J8: NWT | K8: Free People | L8: Red | N8: FPCPRED1 | O8: Parent | P8: Size | Q8: Athletic | R8: Activewear | T8: 40 | U8: 30 | Y8: Not For Sale | AE8: https://images.urbndata.com/is/image/FreePeople/88138201_060_b/?$a15-pdp-detail-shot$&fit=constrain&fmt=webp&qlt=80&wid=1314
A9: FP009 | C9: NWT Free People Carpe Diem Short - Red - S | D9: NWT Free People Carpe Diem Short - Red The Carpe Diem shorts from FP Movement feature a relaxed, high-waisted fit designed for both performance and lounging. Crafted from durable, water-resistant fabric, these shorts include built-in briefs for added coverage and a comfortable stretch-knit waistband with a hidden interior pocket. Brand new with tags and the original retail price of $40.00 | E9: Women | F9: Shorts | H9: 1 | I9: S | J9: NWT | K9: Free People | L9: Red | N9: FPCPRED1 | O9: Child | Q9: Athletic | R9: Activewear | T9: 40 | U9: 30 | Y9: Not For Sale | AE9: https://images.urbndata.com/is/image/FreePeople/88138201_001_g/?$a15-pdp-detail-shot$&fit=constrain&fmt=webp&qlt=80&wid=1314
A10: FP010 | C10: NWT Free People Carpe Diem Short - White - S | D10: NWT Free People Carpe Diem Short - White - S The Carpe Diem shorts from FP Movement feature a relaxed, high-waisted fit designed for both performance and lounging. Crafted from durable, water-resistant fabric, these shorts include built-in briefs for added coverage and a comfortable stretch-knit waistband with a hidden interior pocket. Brand new with tags and the original retail price of $40.00 | E10: Women | F10: Shorts | H10: 1 | I10: S | J10: NWT | K10: Free People | L10: White | Q10: Athletic | R10: Activewear | T10: 40 | U10: 30 | Y10: Not For Sale | AE10: https://images.urbndata.com/is/image/FreePeople/88138201_010_d/?$a15-pdp-detail-shot$&fit=constrain&fmt=webp&qlt=80&wid=1314
A11: FP011 | C11: NWT Free People Carpe Diem Short - Yellow - M | D11: NWT Free People Carpe Diem Short - Yellow - M The Carpe Diem shorts from FP Movement feature a relaxed, high-waisted fit designed for both performance and lounging. Crafted from durable, water-resistant fabric, these shorts include built-in briefs for added coverage and a comfortable stretch-knit waistband with a hidden interior pocket. Brand new with tags and the original retail price of $40.00 | E11: Women | F11: Shorts | H11: 1 | I11: M | J11: NWT | K11: Free People | L11: Yellow | Q11: Athletic | R11: Activewear | T11: 40 | U11: 30 | Y11: Not For Sale | AE11: https://images.urbndata.com/is/image/FreePeople/88138201_072_d/?$a15-pdp-detail-shot$&fit=constrain&fmt=webp&qlt=80&wid=1314 | AF11: https://images.urbndata.com/is/image/FreePeople/88138201_072_f/?$a15-pdp-detail-shot$&fit=constrain&fmt=webp&qlt=80&wid=1314
A12: FP012 | C12: NWT Free People Power Play Cami - Bittersweet - XL | D12: NWT Free People Power Play Cami - Bittersweet - XL The Free People Power Play Cami features sheer lace shoulders and a delicate lace-trimmed neckline paired with a comfortable ribbed jersey bodice. This sleeveless top is crafted from midweight fabric, making it a versatile piece for layering or wearing on its own. Brand new with tags. Original retail price: $58. | E12: Women | F12: Tops | H12: 12 | I12: XL | J12: NWT | K12: Free People | L12: Brown | Q12: Lace | R12: Boudoir | S12: Bohemian | T12: 58 | U12: 35 | Y12: Not For Sale | AE12: https://images.urbndata.com/is/image/FreePeople/66211806_021_c/?$a15-pdp-detail-shot$&fit=constrain&fmt=webp&qlt=80&wid=1314
A13: FP013 | C13: NWT Free People Power Play Cami - Black - M | D13: NWT Free People Power Play Cami - Black - M The Free People Power Play Cami features sheer lace shoulders and a delicate lace-trimmed neckline paired with a comfortable ribbed jersey bodice. This sleeveless top is crafted from midweight fabric, making it a versatile piece for layering or wearing on its own. Brand new with tags. Original retail price: $58. | E13: Women | F13: Tops | H13: 5 | I13: M | J13: NWT | K13: Free People | L13: Black | Q13: Lace | R13: Boudoir | S13: Bohemian | T13: 58 | U13: 35 | Y13: Not For Sale | AE13: https://is4.revolveassets.com/images/p4/n/z/FREE-WS5364_V1.jpg
A14: FP014 | C14: NWT Free People Still Here Halter Cami - Black - M | D14: NWT Free People Still Here Halter Cami - Black - M Sweet, seamless fabrication defines this comfy halter cami from Intimately. This soft and stretchy top features a fitted, cropped silhouette with a classic halter neckline and thoughtful seam details. Perfect for layering or wearing on its own, it pairs effortlessly with your favorite denim for an easy, everyday look. Brand new with tags and the original retail price of $38.00 | E14: Women | F14: Tops | H14: 3 | I14: M | J14: NWT | K14: Free People | L14: Black | Q14: Casual | R14: Basics | T14: 38 | U14: 25 | Y14: Not For Sale | AE14: https://images.urbndata.com/is/image/FreePeople/96303847_001_oi/?$a15-pdp-detail-shot$&fit=constrain&qlt=80&wid=640
A15: FP015 | C15: NWT Free People Still Here Halter Cami - Dusted Blue - M | D15: NWT Free People Still Here Halter Cami - Dusted Blue - M Sweet, seamless fabrication defines this comfy halter cami from Intimately. Designed in a fitted, cropped silhouette, this top features soft, stretchy fabric, a flattering halter neckline, and seam details throughout. Pair with your favorite denim for easy, everyday outfitting. Brand new with tags Original retail price: $38 | E15: Women | F15: Tops | H15: 5 | I15: M | J15: NWT | K15: Free People | L15: Blue | Q15: Casual | R15: Basics | T15: 38 | U15: 25 | Y15: Not For Sale | AE15: https://encrypted-tbn1.gstatic.com/shopping?q=tbn:ANd9GcQs1WNwqrvYxZNAmz-lT8aTwA3MRsURkaL7zp2gJETtPxZJMAmI9SuZaP9ZHuQXH3SjBKDTBrQiA_IJUe5tkwWQDajABdQW
A16: FP016 | C16: NWT Free People Still Here Halter Cami - Red - XS | D16: NWT Free People Still Here Halter Cami - Red - XS Make everyday easy in this sleek halter cami designed with a soft, seamless fabrication. This comfy top features a slim-fitting, cropped silhouette with a plunging neckline and a bold open back for a spirit of femininity and creativity. Finished with fixed straps and seam detailing at the bust, it is the perfect lightweight piece to pair with your favorite denim. Brand new with tags Original retail price: $38 | E16: Women | F16: Tops | H16: 7 | I16: XS | J16: NWT | K16: Free People | L16: Red | Q16: Casual | R16: Basics | T16: 38 | U16: 25 | Y16: Not For Sale | AE16: https://media-photos.depop.com/b1/489150921/3719651887_fa165a7e3ffa420e8b7fc34b3b238e81/P0.jpg
A17: FP018 | C17: NWT Free People Still Here Halter Cami - White - S | D17: NWT Free People Still Here Halter Cami - White - S Sweet and seamless, this comfy halter cami from Intimately Free People is an essential base layer. It features a soft, stretchy fabrication in a fitted, cropped silhouette with a flattering plunge halter neckline and seam details throughout. Perfect for pairing with denim for an easy, effortless look. Brand new with tags and the original retail price of $38. | E17: Women | F17: Tops | H17: 5 | I17: S | J17: NWT | K17: Free People | L17: White | Q17: Casual | R17: Basics | T17: 38 | U17: 25 | Y17: Not For Sale | AE17: https://editorialist.com/thumbnails/600/2025/3/034/791/995/34791995~ivory_1741336167738_0.webp
A18: FP021 | C18: NWT Free People Sweet On You Bias Half Slip - Clean Ivory - XS | D18: NWT Free People Sweet On You Bias Half Slip - Clean Ivory - XS Forever femme, this delicate slip skirt features an all-over dotted jacquard pattern and bias-cut for a draped, flowy look. It is designed with a relaxed, high-rise silhouette and a maxi length that moves beautifully. Perfect for layering or wearing on its own, this versatile piece adds a romantic touch to any outfit. Brand new with tags. Original retail price $50.00. | E18: Women | F18: Skirts | H18: 4 | I18: XS | J18: NWT | K18: Free People | L18: White | Q18: Bohemian | R18: Festival | S18: Dainty | T18: 50 | U18: 30 | Y18: Not For Sale | AE18: https://images.urbndata.com/is/image/FreePeople/97448310_010_j/?$a15-pdp-detail-shot$&fit=constrain&fmt=webp&qlt=80&wid=1314
A19: FP022 | C19: NWT Free People Tank Only You - Black - XS | D19: NWT Free People Tank Only You - Black - XS So simple with sweet details, this classic tank is featured in a sheer ribbed cotton knit with ribbon-adorned lace trim. It features a form-fitting, full-length silhouette with a scoop neckline and lace straps with ribbon detailing. Crafted from a lightweight polyester and cotton blend, this semi-sheer top is perfect for layering or wearing on its own. Brand new with tags and the original retail price of $38.00. | E19: Women | F19: Tops | H19: 3 | I19: XS | J19: NWT | K19: Free People | L19: Black | Q19: Basics | R19: Ribbed | T19: 38 | U19: 25 | Y19: Not For Sale | AE19: https://content.backcountry.com/images/items/1200/FRP/FRPE0ZE/BLA.jpg
A20: FP023 | C20: NWT Free People Tank Only You - Heather Grey - M | D20: NWT Free People Tank Only You - Heather Grey - M So simple with sweet details, this classic form-fitting tank is featured in a semi-sheer ribbed cotton knit with lace straps and ribbon-adorned trim. Designed with a flattering scoop neckline and full length, it is the perfect base layer for any look. - 65% Polyester, 35% Cotton - 23.5 inch length - Machine wash coldBrand new with tags and the original retail price of $38.00 | E20: Women | F20: Tops | H20: 6 | I20: M | J20: NWT | K20: Free People | L20: Gray | Q20: Basics | R20: Ribbed | T20: 38 | U20: 25 | Y20: Not For Sale | AE20: https://sundiego.com/cdn/shop/files/unnamed_24c017c4-2f8d-4e34-beb6-416113a7e4a5.webp?v=1757048035
A21: UO002 | C21: Urban Outfitters Ashleigh Blue Halter Top - M | D21: Urban Outfitters Ashleigh Blue Halter Top A romantic and whimsical addition to your wardrobe, this fitted halter vest top features a plunging v-neckline and a chic split-front bodice. Crafted from a breathable linen blend in a solid light blue, it is designed with a seamed silhouette that hugs your curves. The open upper back and adjustable two-button halter closure offer a customizable fit, making it perfect for pairing with your favorite denim or flowing skirts for a festival-ready look. Brand new with tags $49.00 | E21: Women | F21: Tops | H21: 1 | I21: M | J21: NWT | K21: Urban Outfitters | L21: Blue | N21: UOTOP2 | O21: Parent | P21: Size | Q21: Y2K | R21: Casual | T21: 49 | U21: 30 | Y21: Not For Sale | AE21: https://di2ponv0v5otw.cloudfront.net/posts/2026/02/17/699480fcc4c837638fc16ed5/l_wp_699480fd14937706d8ff80b6.webp
A22: UO003 | C22: Urban Outfitters Ashleigh Blue Halter Top - S | D22: Urban Outfitters Ashleigh Blue Halter Top A romantic and whimsical addition to your wardrobe, this fitted halter vest top features a plunging v-neckline and a chic split-front bodice. Crafted from a breathable linen blend in a solid light blue, it is designed with a seamed silhouette that hugs your curves. The open upper back and adjustable two-button halter closure offer a customizable fit, making it perfect for pairing with your favorite denim or flowing skirts for a festival-ready look. Brand new with tags $49.00 | E22: Women | F22: Tops | H22: 1 | I22: S | J22: NWT | K22: Urban Outfitters | L22: Blue | N22: UOTOP2 | O22: Child | Q22: Y2K | R22: Casual | T22: 49 | U22: 30 | Y22: Not For Sale | AE22: https://di2ponv0v5otw.cloudfront.net/posts/2026/02/17/699480fcc4c837638fc16ed5/l_wp_699480fd14937706d8ff80b6.webp
A23: UO004 | C23: BDG Bradley Tiki Geo Top - L | D23: BDG Bradley Tiki Geo Top - L Channel effortless retro vibes with this BDG Bradley Tiki Geo Top. Featuring a bold geometric print inspired by vintage tiki aesthetics, this top offers a relaxed fit and a vibrant color palette perfect for sun-drenched days. The lightweight fabric and classic silhouette make it a versatile addition to your free-spirited wardrobe, whether paired with denim cutoffs or a flowing midi skirt. Brand new with tags Original retail price: $49.00 | E23: Women | F23: Dresses | H23: 1 | I23: L | J23: NWT | K23: BDG | L23: Brown | M23: White | Q23: Vacation | R23: Animal Print | S23: African | T23: 49 | U23: 30 | Y23: Not For Sale | AE23: https://images.urbndata.com/is/image/UrbanOutfitters/99180069_020_b5?$xlarge$&fit=constrain&qlt=80&wid=640
A24: UO006 | C24: Urban Outfitters Sleeveless Collared Top - Into the Gap (Light Blue) - M | D24: Urban Outfitters Sleeveless Collared Top - Into the Gap (Light Blue) - M Effortlessly cool and perfectly tailored, this sleeveless button-down top from Urban Outfitters is a versatile staple for your warm-weather wardrobe. Featuring a crisp collared neckline and a structured vest-inspired silhouette, it is crafted from a comfortable stretch-cotton blend in a chic light blue hue. Design details include a full button-front closure, princess seaming for a flattering slim fit, and a racerback design that adds a modern, athletic edge. Whether tucked into your favorite high-waisted denim or layered under a blazer, this top offers a sophisticated yet laid-back vibe for any occasion. Brand new with tags and the original retail price of $45. | E24: Women | F24: Tops | H24: 1 | I24: M | J24: NWT | K24: Urban Outfitters | L24: Blue | Q24: Y2K | R24: Collared | S24: Casual | T24: 40 | U24: 30 | Y24: Not For Sale | AE24: https://media-photos.depop.com/b1/52731319/3653232764_c30f6024e9c6472abd070638bbbeaa0d/P0.jpg
A25: UO007 | C25: Urban Outfitters Sleeveless Collared Top - Into the Gap (Light Blue) - S | D25: Urban Outfitters Sleeveless Collared Top - Into the Gap (Light Blue) - S Effortless and airy, this sleeveless collared top features a light blue wash that perfectly blends nostalgia with a modern silhouette. Designed with a structured collar and a relaxed, breezy fit, it is an ideal staple for layering or wearing on its own during sunny days. This versatile piece captures a creative spirit and individual style, making it a must-have addition to any boho-inspired wardrobe. Brand new with tags and the original retail price | E25: Women | F25: Tops | H25: 1 | I25: S | J25: NWT | K25: Urban Outfitters | L25: Blue | Q25: Y2K | R25: Collared | S25: Casual | T25: 40 | U25: 30 | Y25: Not For Sale | AE25: https://media-photos.depop.com/b1/52731319/3653232764_c30f6024e9c6472abd070638bbbeaa0d/P0.jpg
A26: UO008 | C26: Urban Outfitters Sleeveless Collared Top - Jet Black - M | D26: Urban Outfitters Sleeveless Collared Top - Jet Black - M Effortlessly chic and endlessly versatile, this sleeveless top from Urban Outfitters is a wardrobe essential. Crafted in a sleek jet black hue, it features a classic collared neckline and a streamlined silhouette that makes it perfect for layering or wearing solo. The soft, breathable fabric ensures all-day comfort, while the tailored fit adds a touch of sophistication to any ensemble. Pair it with your favorite high-waisted denim for a casual daytime look or tuck it into a midi skirt for an elevated evening outfit. Brand new with tags and the original retail price of $45.00 | E26: Women | F26: Tops | H26: 1 | I26: M | J26: NWT | K26: Urban Outfitters | L26: Black | Q26: Y2K | R26: Collared | S26: Casual | T26: 40 | U26: 30 | Y26: Not For Sale | AE26: https://encrypted-tbn0.gstatic.com/shopping?q=tbn:ANd9GcR2VXOLpmbqQv_XhQjofejfy53wOfDRHP39g-MMSM-Khz7e4hRW0wgckog2FhY5Z98yMK0nZ3eyCj0SIA4sA0Z5j3k-lkn5w3wzQjsOfzNg
A27: UO009 | C27: Urban Outfitters Sleeveless Collared Top - Jet Black - S | D27: Urban Outfitters Sleeveless Collared Top - Jet Black - S A versatile and stylish addition to your wardrobe, this sleeveless collared top is designed in a lightweight cotton-blend woven fabric for a trending vibe. It features a tailored slim fit with a button-down bodice and cutaway shoulders, making it perfect for layering or wearing solo. The classic collared neckline and regular length ensure a sophisticated look that transitions easily from casual outings to nights out. Brand new with tags and the original retail price $45 | E27: Women | F27: Tops | H27: 1 | I27: S | J27: NWT | K27: Urban Outfitters | L27: Black | Q27: Y2K | R27: Collared | S27: Casual | T27: 40 | U27: 30 | Y27: Not For Sale | AE27: https://encrypted-tbn0.gstatic.com/shopping?q=tbn:ANd9GcR2VXOLpmbqQv_XhQjofejfy53wOfDRHP39g-MMSM-Khz7e4hRW0wgckog2FhY5Z98yMK0nZ3eyCj0SIA4sA0Z5j3k-lkn5w3wzQjsOfzNg
A28: UO010 | C28: Urban Outfitters Sleeveless Collared Top - Party Girl Striped - M | D28: Urban Outfitters Sleeveless Collared Top - Party Girl Striped This breezy sleeveless top from Urban Outfitters features a classic collared neckline and a playful party girl striped pattern. Designed with a lightweight fabric and a relaxed fit, it is the perfect versatile piece for layering or wearing on its own during warm weather adventures. Brand new with tags and the original retail price | E28: Women | F28: Tops | H28: 1 | I28: M | J28: NWT | K28: Urban Outfitters | L28: Pink | M28: White | N28: UOTOP1 | O28: Parent | P28: Size | Q28: Y2K | R28: Collared | S28: Casual | T28: 40 | U28: 30 | Y28: Not For Sale | AE28: https://s7d2.scene7.com/is/image/nu/98947823_066_b?$pdp-regular$
A29: UO011 | C29: Urban Outfitters Sleeveless Collared Top - Party Girl Striped - XL | D29: Urban Outfitters Sleeveless Collared Top - Party Girl Striped This breezy sleeveless top from Urban Outfitters features a classic collared neckline and a playful party girl striped pattern. Designed with a lightweight fabric and a relaxed fit, it is the perfect versatile piece for layering or wearing on its own during warm weather adventures. Brand new with tags and the original retail price | E29: Women | F29: Tops | H29: 1 | I29: XL | J29: NWT | K29: Urban Outfitters | L29: Pink | M29: White | N29: UOTOP1 | O29: Child | Q29: Y2K | R29: Collared | S29: Casual | T29: 40 | U29: 30 | Y29: Not For Sale | AE29: https://s7d2.scene7.com/is/image/nu/98947823_066_b?$pdp-regular$

Sheet Color Mapping
A1: Red | B1: Color
A2: Pink | B2: Color
A3: Orange | B3: Color
A4: Yellow | B4: Color
A5: Green | B5: Color
A6: Blue | B6: Color
A7: Purple | B7: Color
A8: Gold | B8: Color
A9: Silver | B9: Color
A10: Black | B10: Color
A11: Gray | B11: Color
A12: White | B12: Color
... A15: Tan | B15: Color

Sheet Category
A1: =ARRAY_CONSTRAIN(ARRAYFORMULA(IFERROR(TRANSPOSE(_xlfn.UNIQUE(_xlfn._xlws.FILTER(Table_1[Category],Table_1[Department]='Listing Details'!E3))),"")), 1, 1) -> #ERROR!
A2: =ARRAY_CONSTRAIN(ARRAYFORMULA(IFERROR(TRANSPOSE(_xlfn.UNIQUE(_xlfn._xlws.FILTER(Table_1[Category],Table_1[Department]='Listing Details'!E4))),"")), 1, 1) -> #ERROR!
A3: =ARRAY_CONSTRAIN(ARRAYFORMULA(IFERROR(TRANSPOSE(_xlfn.UNIQUE(_xlfn._xlws.FILTER(Table_1[Category],Table_1[Department]='Listing Details'!E5))),"")), 1, 1) -> #ERROR!
A4: =ARRAY_CONSTRAIN(ARRAYFORMULA(IFERROR(TRANSPOSE(_xlfn.UNIQUE(_xlfn._xlws.FILTER(Table_1[Category],Table_1[Department]='Listing Details'!E6))),"")), 1, 1) -> #ERROR!
A5: =ARRAY_CONSTRAIN(ARRAYFORMULA(IFERROR(TRANSPOSE(_xlfn.UNIQUE(_xlfn._xlws.FILTER(Table_1[Category],Table_1[Department]='Listing Details'!E7))),"")), 1, 1) -> #ERROR!
A6: =ARRAY_CONSTRAIN(ARRAYFORMULA(IFERROR(TRANSPOSE(_xlfn.UNIQUE(_xlfn._xlws.FILTER(Table_1[Category],Table_1[Department]='Listing Details'!E8))),"")), 1, 1) -> #ERROR!
A7: =ARRAY_CONSTRAIN(ARRAYFORMULA(IFERROR(TRANSPOSE(_xlfn.UNIQUE(_xlfn._xlws.FILTER(Table_1[Category],Table_1[Department]='Listing Details'!E9))),"")), 1, 1) -> #ERROR!
A8: =ARRAY_CONSTRAIN(ARRAYFORMULA(IFERROR(TRANSPOSE(_xlfn.UNIQUE(_xlfn._xlws.FILTER(Table_1[Category],Table_1[Department]='Listing Details'!E10))),"")), 1, 1) -> #ERROR!
A9: =ARRAY_CONSTRAIN(ARRAYFORMULA(IFERROR(TRANSPOSE(_xlfn.UNIQUE(_xlfn._xlws.FILTER(Table_1[Category],Table_1[Department]='Listing Details'!E11))),"")), 1, 1) -> #ERROR!
A10: =ARRAY_CONSTRAIN(ARRAYFORMULA(IFERROR(TRANSPOSE(_xlfn.UNIQUE(_xlfn._xlws.FILTER(Table_1[Category],Table_1[Department]='Listing Details'!E12))),"")), 1, 1) -> #ERROR!
A11: =ARRAY_CONSTRAIN(ARRAYFORMULA(IFERROR(TRANSPOSE(_xlfn.UNIQUE(_xlfn._xlws.FILTER(Table_1[Category],Table_1[Department]='Listing Details'!E13))),"")), 1, 1) -> #ERROR!
A12: =ARRAY_CONSTRAIN(ARRAYFORMULA(IFERROR(TRANSPOSE(_xlfn.UNIQUE(_xlfn._xlws.FILTER(Table_1[Category],Table_1[Department]='Listing Details'!E14))),"")), 1, 1) -> #ERROR!
... A36: =ARRAY_CONSTRAIN(ARRAYFORMULA(IFERROR(TRANSPOSE(_xlfn.UNIQUE(_xlfn._xlws.FILTER(Table_1[Category],Table_1[Department]='Listing Details'!E38))),"")), 1, 1) -> #ERROR!
A37: =ARRAY_CONSTRAIN(ARRAYFORMULA(IFERROR(TRANSPOSE(_xlfn.UNIQUE(_xlfn._xlws.FILTER(Table_1[Category],Table_1[Department]='Listing Details'!E39))),"")), 1, 1) -> #ERROR! | F37: ='Listing Details'!F16 -> Tops
A38: =ARRAY_CONSTRAIN(ARRAYFORMULA(IFERROR(TRANSPOSE(_xlfn.UNIQUE(_xlfn._xlws.FILTER(Table_1[Category],Table_1[Department]='Listing Details'!E40))),"")), 1, 1) -> #ERROR!
A39: =ARRAY_CONSTRAIN(ARRAYFORMULA(IFERROR(TRANSPOSE(_xlfn.UNIQUE(_xlfn._xlws.FILTER(Table_1[Category],Table_1[Department]='Listing Details'!E41))),"")), 1, 1) -> #ERROR!
A40: =ARRAY_CONSTRAIN(ARRAYFORMULA(IFERROR(TRANSPOSE(_xlfn.UNIQUE(_xlfn._xlws.FILTER(Table_1[Category],Table_1[Department]='Listing Details'!E42))),"")), 1, 1) -> #ERROR!
A41: =ARRAY_CONSTRAIN(ARRAYFORMULA(IFERROR(TRANSPOSE(_xlfn.UNIQUE(_xlfn._xlws.FILTER(Table_1[Category],Table_1[Department]='Listing Details'!E43))),"")), 1, 1) -> #ERROR!
A42: =ARRAY_CONSTRAIN(ARRAYFORMULA(IFERROR(TRANSPOSE(_xlfn.UNIQUE(_xlfn._xlws.FILTER(Table_1[Category],Table_1[Department]='Listing Details'!E44))),"")), 1, 1) -> #ERROR!
A43: =ARRAY_CONSTRAIN(ARRAYFORMULA(IFERROR(TRANSPOSE(_xlfn.UNIQUE(_xlfn._xlws.FILTER(Table_1[Category],Table_1[Department]='Listing Details'!E45))),"")), 1, 1) -> #ERROR!
A44: =ARRAY_CONSTRAIN(ARRAYFORMULA(IFERROR(TRANSPOSE(_xlfn.UNIQUE(_xlfn._xlws.FILTER(Table_1[Category],Table_1[Department]='Listing Details'!E46))),"")), 1, 1) -> #ERROR!
A45: =ARRAY_CONSTRAIN(ARRAYFORMULA(IFERROR(TRANSPOSE(_xlfn.UNIQUE(_xlfn._xlws.FILTER(Table_1[Category],Table_1[Department]='Listing Details'!E47))),"")), 1, 1) -> #ERROR!
A46: =ARRAY_CONSTRAIN(ARRAYFORMULA(IFERROR(TRANSPOSE(_xlfn.UNIQUE(_xlfn._xlws.FILTER(Table_1[Category],Table_1[Department]='Listing Details'!E48))),"")), 1, 1) -> #ERROR!
A47: =ARRAY_CONSTRAIN(ARRAYFORMULA(IFERROR(TRANSPOSE(_xlfn.UNIQUE(_xlfn._xlws.FILTER(Table_1[Category],Table_1[Department]='Listing Details'!E49))),"")), 1, 1) -> #ERROR!
A48: =ARRAY_CONSTRAIN(ARRAYFORMULA(IFERROR(TRANSPOSE(_xlfn.UNIQUE(_xlfn._xlws.FILTER(Table_1[Category],Table_1[Department]='Listing Details'!E50))),"")), 1, 1) -> #ERROR!
A49: =ARRAY_CONSTRAIN(ARRAYFORMULA(IFERROR(TRANSPOSE(_xlfn.UNIQUE(_xlfn._xlws.FILTER(Table_1[Category],Table_1[Department]='Listing Details'!E51))),"")), 1, 1) -> #ERROR!
... A459: =ARRAY_CONSTRAIN(ARRAYFORMULA(IFERROR(TRANSPOSE(_xlfn.UNIQUE(_xlfn._xlws.FILTER(Table_1[Category],Table_1[Department]='Listing Details'!E461))),"")), 1, 1) -> #ERROR!

Sheet Subcat
A1: =ARRAY_CONSTRAIN(ARRAYFORMULA(IF(IFERROR(TRANSPOSE(_xlfn._xlws.FILTER(Table_1[[Subcategory ]],(Table_1[Department]='Listing Details'!E3)*(Table_1[Category]='Listing Details'!F3))),"")=0,"",IFERROR(TRANSPOSE(_xlfn._xlws.FILTER(Table_1[[Subcategory ]],(Table_1[Department]='Listing Details'!E3)*(Table_1[Category]='Listing Details'!F3))),""))), 1, 1) -> #ERROR!
A2: =ARRAY_CONSTRAIN(ARRAYFORMULA(IF(IFERROR(TRANSPOSE(_xlfn._xlws.FILTER(Table_1[[Subcategory ]],(Table_1[Department]='Listing Details'!E4)*(Table_1[Category]='Listing Details'!F4))),"")=0,"",IFERROR(TRANSPOSE(_xlfn._xlws.FILTER(Table_1[[Subcategory ]],(Table_1[Department]='Listing Details'!E4)*(Table_1[Category]='Listing Details'!F4))),""))), 1, 1) -> #ERROR!
A3: =ARRAY_CONSTRAIN(ARRAYFORMULA(IF(IFERROR(TRANSPOSE(_xlfn._xlws.FILTER(Table_1[[Subcategory ]],(Table_1[Department]='Listing Details'!E5)*(Table_1[Category]='Listing Details'!F5))),"")=0,"",IFERROR(TRANSPOSE(_xlfn._xlws.FILTER(Table_1[[Subcategory ]],(Table_1[Department]='Listing Details'!E5)*(Table_1[Category]='Listing Details'!F5))),""))), 1, 1) -> #ERROR!
A4: =ARRAY_CONSTRAIN(ARRAYFORMULA(IF(IFERROR(TRANSPOSE(_xlfn._xlws.FILTER(Table_1[[Subcategory ]],(Table_1[Department]='Listing Details'!E6)*(Table_1[Category]='Listing Details'!F6))),"")=0,"",IFERROR(TRANSPOSE(_xlfn._xlws.FILTER(Table_1[[Subcategory ]],(Table_1[Department]='Listing Details'!E6)*(Table_1[Category]='Listing Details'!F6))),""))), 1, 1) -> #ERROR!
A5: =ARRAY_CONSTRAIN(ARRAYFORMULA(IF(IFERROR(TRANSPOSE(_xlfn._xlws.FILTER(Table_1[[Subcategory ]],(Table_1[Department]='Listing Details'!E7)*(Table_1[Category]='Listing Details'!F7))),"")=0,"",IFERROR(TRANSPOSE(_xlfn._xlws.FILTER(Table_1[[Subcategory ]],(Table_1[Department]='Listing Details'!E7)*(Table_1[Category]='Listing Details'!F7))),""))), 1, 1) -> #ERROR!
A6: =ARRAY_CONSTRAIN(ARRAYFORMULA(IF(IFERROR(TRANSPOSE(_xlfn._xlws.FILTER(Table_1[[Subcategory ]],(Table_1[Department]='Listing Details'!E8)*(Table_1[Category]='Listing Details'!F8))),"")=0,"",IFERROR(TRANSPOSE(_xlfn._xlws.FILTER(Table_1[[Subcategory ]],(Table_1[Department]='Listing Details'!E8)*(Table_1[Category]='Listing Details'!F8))),""))), 1, 1) -> #ERROR!
A7: =ARRAY_CONSTRAIN(ARRAYFORMULA(IF(IFERROR(TRANSPOSE(_xlfn._xlws.FILTER(Table_1[[Subcategory ]],(Table_1[Department]='Listing Details'!E9)*(Table_1[Category]='Listing Details'!F9))),"")=0,"",IFERROR(TRANSPOSE(_xlfn._xlws.FILTER(Table_1[[Subcategory ]],(Table_1[Department]='Listing Details'!E9)*(Table_1[Category]='Listing Details'!F9))),""))), 1, 1) -> #ERROR!
A8: =ARRAY_CONSTRAIN(ARRAYFORMULA(IF(IFERROR(TRANSPOSE(_xlfn._xlws.FILTER(Table_1[[Subcategory ]],(Table_1[Department]='Listing Details'!E10)*(Table_1[Category]='Listing Details'!F10))),"")=0,"",IFERROR(TRANSPOSE(_xlfn._xlws.FILTER(Table_1[[Subcategory ]],(Table_1[Department]='Listing Details'!E10)*(Table_1[Category]='Listing Details'!F10))),""))), 1, 1) -> #ERROR!
A9: =ARRAY_CONSTRAIN(ARRAYFORMULA(IF(IFERROR(TRANSPOSE(_xlfn._xlws.FILTER(Table_1[[Subcategory ]],(Table_1[Department]='Listing Details'!E11)*(Table_1[Category]='Listing Details'!F11))),"")=0,"",IFERROR(TRANSPOSE(_xlfn._xlws.FILTER(Table_1[[Subcategory ]],(Table_1[Department]='Listing Details'!E11)*(Table_1[Category]='Listing Details'!F11))),""))), 1, 1) -> #ERROR!
A10: =ARRAY_CONSTRAIN(ARRAYFORMULA(IF(IFERROR(TRANSPOSE(_xlfn._xlws.FILTER(Table_1[[Subcategory ]],(Table_1[Department]='Listing Details'!E12)*(Table_1[Category]='Listing Details'!F12))),"")=0,"",IFERROR(TRANSPOSE(_xlfn._xlws.FILTER(Table_1[[Subcategory ]],(Table_1[Department]='Listing Details'!E12)*(Table_1[Category]='Listing Details'!F12))),""))), 1, 1) -> #ERROR!
A11: =ARRAY_CONSTRAIN(ARRAYFORMULA(IF(IFERROR(TRANSPOSE(_xlfn._xlws.FILTER(Table_1[[Subcategory ]],(Table_1[Department]='Listing Details'!E13)*(Table_1[Category]='Listing Details'!F13))),"")=0,"",IFERROR(TRANSPOSE(_xlfn._xlws.FILTER(Table_1[[Subcategory ]],(Table_1[Department]='Listing Details'!E13)*(Table_1[Category]='Listing Details'!F13))),""))), 1, 1) -> #ERROR!
A12: =ARRAY_CONSTRAIN(ARRAYFORMULA(IF(IFERROR(TRANSPOSE(_xlfn._xlws.FILTER(Table_1[[Subcategory ]],(Table_1[Department]='Listing Details'!E14)*(Table_1[Category]='Listing Details'!F14))),"")=0,"",IFERROR(TRANSPOSE(_xlfn._xlws.FILTER(Table_1[[Subcategory ]],(Table_1[Department]='Listing Details'!E14)*(Table_1[Category]='Listing Details'!F14))),""))), 1, 1) -> #ERROR!
... A194: =ARRAY_CONSTRAIN(ARRAYFORMULA(IF(IFERROR(TRANSPOSE(_xlfn._xlws.FILTER(Table_1[[Subcategory ]],(Table_1[Department]='Listing Details'!E196)*(Table_1[Category]='Listing Details'!F196))),"")=0,"",IFERROR(TRANSPOSE(_xlfn._xlws.FILTER(Table_1[[Subcategory ]],(Table_1[Department]='Listing Details'!E196)*(Table_1[Category]='Listing Details'!F196))),""))), 1, 1) -> #ERROR!

Sheet Size Lookup
A1: =ARRAY_CONSTRAIN(ARRAYFORMULA(IFERROR(TRANSPOSE(_xlfn.UNIQUE(_xlfn._xlws.FILTER(Table2[Size],Table2[Category]='Listing Details'!F3))),"")), 1, 1) -> #ERROR!
A2: =ARRAY_CONSTRAIN(ARRAYFORMULA(IFERROR(TRANSPOSE(_xlfn.UNIQUE(_xlfn._xlws.FILTER(Table2[Size],Table2[Category]='Listing Details'!F4))),"")), 1, 1) -> #ERROR!
A3: =ARRAY_CONSTRAIN(ARRAYFORMULA(IFERROR(TRANSPOSE(_xlfn.UNIQUE(_xlfn._xlws.FILTER(Table2[Size],Table2[Category]='Listing Details'!F5))),"")), 1, 1) -> #ERROR!
A4: =ARRAY_CONSTRAIN(ARRAYFORMULA(IFERROR(TRANSPOSE(_xlfn.UNIQUE(_xlfn._xlws.FILTER(Table2[Size],Table2[Category]='Listing Details'!F6))),"")), 1, 1) -> #ERROR!
A5: =ARRAY_CONSTRAIN(ARRAYFORMULA(IFERROR(TRANSPOSE(_xlfn.UNIQUE(_xlfn._xlws.FILTER(Table2[Size],Table2[Category]='Listing Details'!F7))),"")), 1, 1) -> #ERROR!
A6: =ARRAY_CONSTRAIN(ARRAYFORMULA(IFERROR(TRANSPOSE(_xlfn.UNIQUE(_xlfn._xlws.FILTER(Table2[Size],Table2[Category]='Listing Details'!F8))),"")), 1, 1) -> #ERROR!
A7: =ARRAY_CONSTRAIN(ARRAYFORMULA(IFERROR(TRANSPOSE(_xlfn.UNIQUE(_xlfn._xlws.FILTER(Table2[Size],Table2[Category]='Listing Details'!F9))),"")), 1, 1) -> #ERROR!
A8: =ARRAY_CONSTRAIN(ARRAYFORMULA(IFERROR(TRANSPOSE(_xlfn.UNIQUE(_xlfn._xlws.FILTER(Table2[Size],Table2[Category]='Listing Details'!F10))),"")), 1, 1) -> #ERROR!
A9: =ARRAY_CONSTRAIN(ARRAYFORMULA(IFERROR(TRANSPOSE(_xlfn.UNIQUE(_xlfn._xlws.FILTER(Table2[Size],Table2[Category]='Listing Details'!F11))),"")), 1, 1) -> #ERROR!
A10: =ARRAY_CONSTRAIN(ARRAYFORMULA(IFERROR(TRANSPOSE(_xlfn.UNIQUE(_xlfn._xlws.FILTER(Table2[Size],Table2[Category]='Listing Details'!F12))),"")), 1, 1) -> #ERROR!
A11: =ARRAY_CONSTRAIN(ARRAYFORMULA(IFERROR(TRANSPOSE(_xlfn.UNIQUE(_xlfn._xlws.FILTER(Table2[Size],Table2[Category]='Listing Details'!F13))),"")), 1, 1) -> #ERROR!
A12: =ARRAY_CONSTRAIN(ARRAYFORMULA(IFERROR(TRANSPOSE(_xlfn.UNIQUE(_xlfn._xlws.FILTER(Table2[Size],Table2[Category]='Listing Details'!F14))),"")), 1, 1) -> #ERROR!
... A45: =ARRAY_CONSTRAIN(ARRAYFORMULA(IFERROR(TRANSPOSE(_xlfn.UNIQUE(_xlfn._xlws.FILTER(Table2[Size],Table2[Category]='Listing Details'!F47))),"")), 1, 1) -> #ERROR!

Sheet Sheet2
A1: {=IFERROR(TRANSPOSE(_xlws.FILTER(Options!$C$2:$C$701,(Options!$A$2:$A$701=#REF!)*(Options!$B$2:$B$701=#REF!))),"")}
A2: #NAME?
A3: #NAME?
A4: #NAME?
A5: #NAME?
A6: #NAME?
A7: #NAME?
A8: {=IFERROR(TRANSPOSE(_xlws.FILTER(Options!$C$2:$C$701,(Options!$A$2:$A$701=#REF!)*(Options!$B$2:$B$701=#REF!))),"")}
A9: {=IFERROR(TRANSPOSE(_xlws.FILTER(Options!$C$2:$C$701,(Options!$A$2:$A$701=#REF!)*(Options!$B$2:$B$701=#REF!))),"")}
A10: {=IFERROR(TRANSPOSE(_xlws.FILTER(Options!$C$2:$C$701,(Options!$A$2:$A$701=#REF!)*(Options!$B$2:$B$701=#REF!))),"")}
A11: {=IFERROR(TRANSPOSE(_xlws.FILTER(Options!$C$2:$C$701,(Options!$A$2:$A$701=#REF!)*(Options!$B$2:$B$701=#REF!))),"")}
A12: {=IFERROR(TRANSPOSE(_xlws.FILTER(Options!$C$2:$C$701,(Options!$A$2:$A$701=#REF!)*(Options!$B$2:$B$701=#REF!))),"")}
A13: {=IFERROR(TRANSPOSE(_xlws.FILTER(Options!$C$2:$C$701,(Options!$A$2:$A$701=#REF!)*(Options!$B$2:$B$701=#REF!))),"")}
A14: {=IFERROR(TRANSPOSE(_xlws.FILTER(Options!$C$2:$C$701,(Options!$A$2:$A$701=#REF!)*(Options!$B$2:$B$701=#REF!))),"")}
A15: {=IFERROR(TRANSPOSE(_xlws.FILTER(Options!$C$2:$C$701,(Options!$A$2:$A$701=#REF!)*(Options!$B$2:$B$701=#REF!))),"")}
A16: {=IFERROR(TRANSPOSE(_xlws.FILTER(Options!$C$2:$C$701,(Options!$A$2:$A$701=#REF!)*(Options!$B$2:$B$701=#REF!))),"")}
A17: {=IFERROR(TRANSPOSE(_xlws.FILTER(Options!$C$2:$C$701,(Options!$A$2:$A$701=#REF!)*(Options!$B$2:$B$701=#REF!))),"")}
A18: #NAME?
A19: #NAME?
A20: #NAME?
A21: #NAME?
A22: {=IFERROR(TRANSPOSE(_xlws.FILTER(Options!$C$2:$C$701,(Options!$A$2:$A$701=#REF!)*(Options!$B$2:$B$701=#REF!))),"")}
A23: {=IFERROR(TRANSPOSE(_xlws.FILTER(Options!$C$2:$C$701,(Options!$A$2:$A$701=#REF!)*(Options!$B$2:$B$701=#REF!))),"")}
A24: #NAME?
A25: #NAME?
A26: #NAME?
A27: #NAME?
A28: #NAME?
A29: #NAME?
A30: #NAME?
A31: #NAME?
A32: #NAME?
A33: #NAME?
A34: #NAME?
A35: #NAME?
... A38: #NAME?
A39: {=IFERROR(TRANSPOSE(_xlws.FILTER(Options!$C$2:$C$701,(Options!$A$2:$A$701=#REF!)*(Options!$B$2:$B$701=#REF!))),"")}
A40: {=IFERROR(TRANSPOSE(_xlws.FILTER(Options!$C$2:$C$701,(Options!$A$2:$A$701='Listing Details'!E3)*(Options!$B$2:$B$701='Listing Details'!F3))),"")}
A41: {=IFERROR(TRANSPOSE(_xlws.FILTER(Options!$C$2:$C$701,(Options!$A$2:$A$701=#REF!)*(Options!$B$2:$B$701=#REF!))),"")}
A42: {=IFERROR(TRANSPOSE(_xlws.FILTER(Options!$C$2:$C$701,(Options!$A$2:$A$701='Listing Details'!E4)*(Options!$B$2:$B$701='Listing Details'!F4))),"")}
A43: {=IFERROR(TRANSPOSE(_xlws.FILTER(Options!$C$2:$C$701,(Options!$A$2:$A$701=#REF!)*(Options!$B$2:$B$701=#REF!))),"")}
A44: {=IFERROR(TRANSPOSE(_xlws.FILTER(Options!$C$2:$C$701,(Options!$A$2:$A$701='Listing Details'!E5)*(Options!$B$2:$B$701='Listing Details'!F5))),"")}
A45: #NAME?
A46: #NAME?
A47: #NAME?
A48: #NAME?
A49: #NAME?
A50: #NAME?
A51: #NAME?

Sheet Options
A1: Department | B1: Category | C1: Subcategory | D1: Color1/Color2 | E1: =IFERROR(DUMMYFUNCTION("ARRAY_CONSTRAIN(ARRAYFORMULA(UNIQUE(Options!$A$2:$A$516)), 5, 1)"),"Women") -> Women
A2: Women | B2: Accessories | C2: Belts | E2: Men
A3: Women | B3: Accessories | C3: Face Masks | E3: Kids
A4: Women | B4: Accessories | C4: Glasses | E4: Home
A5: Women | B5: Accessories | C5: Gloves & Mittens | E5: Pets
A6: Women | B6: Accessories | C6: Hair Accessories | E6: Electronics
A7: Women | B7: Accessories | C7: Hats
A8: Women | B8: Accessories | C8: Hosiery & Socks
A9: Women | B9: Accessories | C9: Key & Card Holders
A10: Women | B10: Accessories | C10: Laptop Cases
A11: Women | B11: Accessories | C11: Phone Cases
A12: Women | B12: Accessories | C12: Scarves & Wraps
A13: Women | B13: Accessories | C13: Sunglasses
A14: Women | B14: Accessories | C14: Tablet Cases
A15: Women | B15: Accessories | C15: Umbrellas
A16: Women | B16: Accessories | C16: Watches
A17: Women | B17: Ao Dais
A18: Women | B18: Bags | C18: Baby Bags
A19: Women | B19: Bags | C19: Backpacks
A20: Women | B20: Bags | C20: Clutches & Wristlets
A21: Women | B21: Bags | C21: Cosmetic Bags & Cases
A22: Women | B22: Bags | C22: Crossbody Bags
A23: Women | B23: Bags | C23: Hobos
A24: Women | B24: Bags | C24: Laptop Bags
A25: Women | B25: Bags | C25: Mini Bags
A26: Women | B26: Bags | C26: Satchels
A27: Women | B27: Bags | C27: Shoulder Bags
A28: Women | B28: Bags | C28: Totes
A29: Women | B29: Bags | C29: Travel Bags
... A39: Women | B39: Bath & Body | C39: Tools
A40: Women | B40: Cheongsams & Qipaos
A41: Women | B41: Dirndls
A42: Women | B42: Dresses | C42: Asymmetrical | D42: Pink
A43: Women | B43: Dresses | C43: Backless | D43: Orange
A44: Women | B44: Dresses | C44: High Low | D44: Yellow
A45: Women | B45: Dresses | C45: Long Sleeve | D45: Green
A46: Women | B46: Dresses | C46: Maxi | D46: Blue
A47: Women | B47: Dresses | C47: Midi | D47: Purple
A48: Women | B48: Dresses | C48: Mini | D48: Gold
A49: Women | B49: Dresses | C49: One Shoulder | D49: Silver
A50: Women | B50: Dresses | C50: Prom | D50: Black
A51: Women | B51: Dresses | C51: Strapless | D51: Gray
A52: Women | B52: Dresses | C52: Wedding | D52: White
A53: Women | B53: Dupattas & Stoles
A54: Women | B54: Hair | C54: Color
A55: Women | B55: Hair | C55: Conditioner
A56: Women | B56: Hair | C56: Hairspray
A57: Women | B57: Hair | C57: Heat Protectant
A58: Women | B58: Hair | C58: Shampoo
A59: Women | B59: Hair | C59: Styling
A60: Women | B60: Hair | C60: Tools
A61: Women | B61: Hair | C61: Treatment & Mask
A62: Women | B62: Hair | C62: Wigs & Extensions
A63: Women | B63: Hanboks
A64: Women | B64: Harem Pants
A65: Women | B65: Hijabs
A66: Women | B66: Huipils
A67: Women | B67: Intimates & Sleepwear | C67: Bandeaus
A68: Women | B68: Intimates & Sleepwear | C68: Bras
A69: Women | B69: Intimates & Sleepwear | C69: Chemises & Slips
A70: Women | B70: Intimates & Sleepwear | C70: Pajamas
A71: Women | B71: Intimates & Sleepwear | C71: Panties
A72: Women | B72: Intimates & Sleepwear | C72: Robes
A73: Women | B73: Intimates & Sleepwear | C73: Shapewear
A74: Women | B74: Intimates & Sleepwear | C74: Sports Bras
A75: Women | B75: Jackets & Coats | C75: Blazers & Suit Jackets
A76: Women | B76: Jackets & Coats | C76: Bomber Jackets
A77: Women | B77: Jackets & Coats | C77: Capes
A78: Women | B78: Jackets & Coats | C78: Jean Jackets
... A101: Women | B101: Jewelry | C101: Rings
A102: Women | B102: Kaftans
A103: Women | B103: Kimonos & Yukatas
A104: Women | B104: Kurta Bottoms
A105: Women | B105: Kurtas
A106: Women | B106: Lehengas
A107: Women | B107: Makeup | C107: Blush
A108: Women | B108: Makeup | C108: Bronzer & Contour
A109: Women | B109: Makeup | C109: Brows
A110: Women | B110: Makeup | C110: Brushes & Tools
A111: Women | B111: Makeup | C111: Concealer
A112: Women | B112: Makeup | C112: Eye Primer
A113: Women | B113: Makeup | C113: Eyeliner
A114: Women | B114: Makeup | C114: Eyeshadow
A115: Women | B115: Makeup | C115: Foundation
A116: Women | B116: Makeup | C116: Highlighter
A117: Women | B117: Makeup | C117: Lashes
A118: Women | B118: Makeup | C118: Lip Balm & Gloss
... A125: Women | B125: Makeup | C125: Setting Powder & Spray
A126: Women | B126: Other
A127: Women | B127: Palazzo Pants
A128: Women | B128: Pants & Jumpsuits | C128: Ankle & Cropped
A129: Women | B129: Pants & Jumpsuits | C129: Boot Cut & Flare
A130: Women | B130: Pants & Jumpsuits | C130: Capris
A131: Women | B131: Pants & Jumpsuits | C131: Jumpsuits & Rompers
A132: Women | B132: Pants & Jumpsuits | C132: Leggings
A133: Women | B133: Pants & Jumpsuits | C133: Pantsuits
A134: Women | B134: Pants & Jumpsuits | C134: Skinny
A135: Women | B135: Pants & Jumpsuits | C135: Straight Leg
A136: Women | B136: Pants & Jumpsuits | C136: Track Pants & Joggers
A137: Women | B137: Pants & Jumpsuits | C137: Trousers
...

Sheet Size Options
A1: Category | B1: Size
A2: Accessories | B2: OS
A3: Bags | B3: OS
A4: Jewelry | B4: OS
A5: Makeup | B5: OS
A6: Other | B6: OS
A7: Shoes | B7: 5
A8: Shoes | B8: 5.5
A9: Shoes | B9: 6
A10: Shoes | B10: 6.5
A11: Shoes | B11: 7
A12: Shoes | B12: 7.5
A13: Shoes | B13: 8
A14: Shoes | B14: 8.5
A15: Shoes | B15: 9
A16: Shoes | B16: 9.5
A17: Shoes | B17: 10
A18: Shoes | B18: 10.5
... A31: Dresses | B31: 12
A32: Dresses | B32: XXS
A33: Dresses | B33: XS
A34: Dresses | B34: S
A35: Dresses | B35: M
A36: Dresses | B36: L
A37: Dresses | B37: XL
A38: Dresses | B38: 14
A39: Dresses | B39: 14W
A40: Dresses | B40: 16
A41: Dresses | B41: 16W
A42: Dresses | B42: 18
A43: Dresses | B43: 18W
A44: Dresses | B44: 20
A45: Dresses | B45: 20W
A46: Dresses | B46: 22
A47: Dresses | B47: 22W
A48: Dresses | B48: 24
A49: Dresses | B49: 24W
A50: Dresses | B50: 26
A51: Dresses | B51: 26W
A52: Dresses | B52: 28
A53: Dresses | B53: 28W
A54: Dresses | B54: 30
A55: Dresses | B55: 30W
A56: Dresses | B56: 32
A57: Dresses | B57: 32W
A58: Dresses | B58: XXL
A59: Dresses | B59: XXXL
A60: Dresses | B60: 0X
A61: Dresses | B61: 1X
A62: Dresses | B62: 2X
A63: Dresses | B63: 3X
A64: Dresses | B64: 4X
A65: Dresses | B65: 5X
A66: Dresses | B66: 00P
A67: Dresses | B67: 0P
A68: Dresses | B68: 2P
... A144: Dresses | B144: 5XM
A145: Skirts | B145: 0
A146: Skirts | B146: 0
A147: Skirts | B147: 2
A148: Skirts | B148: 4
A149: Skirts | B149: 6
A150: Skirts | B150: 8
A151: Skirts | B151: 10
A152: Skirts | B152: 12
A153: Skirts | B153: XXS
A154: Skirts | B154: XS
A155: Skirts | B155: S
A156: Skirts | B156: M
A157: Skirts | B157: L
A158: Skirts | B158: XL
A159: Skirts | B159: 14
A160: Skirts | B160: 14W
A161: Skirts | B161: 16
A162: Skirts | B162: 16W
A163: Skirts | B163: 18
A164: Skirts | B164: 18W
A165: Skirts | B165: 20
A166: Skirts | B166: 20W
A167: Skirts | B167: 22
A168: Skirts | B168: 22W
A169: Skirts | B169: 24
A170: Skirts | B170: 24W
A171: Skirts | B171: 26
A172: Skirts | B172: 26W
A173: Skirts | B173: 28
A174: Skirts | B174: 28W
A175: Skirts | B175: 30
A176: Skirts | B176: 30W
A177: Skirts | B177: 32
A178: Skirts | B178: 32W
A179: Skirts | B179: XXL
A180: Skirts | B180: XXXL
A181: Skirts | B181: 0X
A182: Skirts | B182: 1X
A183: Skirts | B183: 2X
A184: Skirts | B184: 3X
A185: Skirts | B185: 4X
A186: Skirts | B186: 5X
A187: Skirts | B187: 00P
...

Sheet New Options with Global Cat
B2: Dept | C2: Categories | D2: SubCat | J2: =B2 -> Dept | K2: =C2 -> Categories | L2: =D2 -> SubCat | O2: Cat | P2: Dept
B3: Women <000e8975d97b4e80ef00a955> | C3: Dresses <00108975d97b4e80ef00a955> | D3: Asymmetrical <00449287d97b4e80ef00a955> | J3: =LEFT(B3,LEN(B3)-LEN(RIGHT(B3,27))) -> Women | K3: =LEFT(C3,LEN(C3)-LEN(RIGHT(C3,27))) -> Dresses | L3: =LEFT(D3,LEN(D3)-LEN(RIGHT(D3,27))) -> Asymmetrical | M3: =LEFT(E3,LEN(E3)-LEN(RIGHT(E3,27))) | O3: Accessories <002a8975d97b4e80ef00a955> | P3: Women <000e8975d97b4e80ef00a955> | W3: =LEFT(O3,LEN(O3)-LEN(RIGHT(O3,27))) -> Accessories | X3: =LEFT(P3,LEN(P3)-LEN(RIGHT(P3,27))) -> Women | Y3: =VLOOKUP(W3,$K$3:$L$658,1,) -> Accessories
B4: Women <000e8975d97b4e80ef00a955> | C4: Dresses <00108975d97b4e80ef00a955> | D4: Backless <004c9287d97b4e80ef00a955> | J4: =LEFT(B4,LEN(B4)-LEN(RIGHT(B4,27))) -> Women | K4: =LEFT(C4,LEN(C4)-LEN(RIGHT(C4,27))) -> Dresses | L4: =LEFT(D4,LEN(D4)-LEN(RIGHT(D4,27))) -> Backless | O4: Ao Dais <9ab476dc402403bf28a2606b> | P4: Women <000e8975d97b4e80ef00a955> | W4: =LEFT(O4,LEN(O4)-LEN(RIGHT(O4,27))) -> Ao Dais | X4: =LEFT(P4,LEN(P4)-LEN(RIGHT(P4,27))) -> Women | Y4: =VLOOKUP(W4,$K$3:$L$658,1,) -> #N/A
B5: Women <000e8975d97b4e80ef00a955> | C5: Dresses <00108975d97b4e80ef00a955> | D5: High Low <00429287d97b4e80ef00a955> | J5: =LEFT(B5,LEN(B5)-LEN(RIGHT(B5,27))) -> Women | K5: =LEFT(C5,LEN(C5)-LEN(RIGHT(C5,27))) -> Dresses | L5: =LEFT(D5,LEN(D5)-LEN(RIGHT(D5,27))) -> High Low | O5: Bags <00248975d97b4e80ef00a955> | P5: Women <000e8975d97b4e80ef00a955> | W5: =LEFT(O5,LEN(O5)-LEN(RIGHT(O5,27))) -> Bags | X5: =LEFT(P5,LEN(P5)-LEN(RIGHT(P5,27))) -> Women | Y5: =VLOOKUP(W5,$K$3:$L$658,1,) -> Bags
B6: Women <000e8975d97b4e80ef00a955> | C6: Dresses <00108975d97b4e80ef00a955> | D6: Long Sleeve <00469287d97b4e80ef00a955> | J6: =LEFT(B6,LEN(B6)-LEN(RIGHT(B6,27))) -> Women | K6: =LEFT(C6,LEN(C6)-LEN(RIGHT(C6,27))) -> Dresses | L6: =LEFT(D6,LEN(D6)-LEN(RIGHT(D6,27))) -> Long Sleeve | O6: Cheongsams & Qipaos <9bb476dc402403bf28a2606b> | P6: Women <000e8975d97b4e80ef00a955> | W6: =LEFT(O6,LEN(O6)-LEN(RIGHT(O6,27))) -> Cheongsams & Qipaos | X6: =LEFT(P6,LEN(P6)-LEN(RIGHT(P6,27))) -> Women | Y6: =VLOOKUP(W6,$K$3:$L$658,1,) -> #N/A
B7: Women <000e8975d97b4e80ef00a955> | C7: Dresses <00108975d97b4e80ef00a955> | D7: Maxi <00409287d97b4e80ef00a955> | J7: =LEFT(B7,LEN(B7)-LEN(RIGHT(B7,27))) -> Women | K7: =LEFT(C7,LEN(C7)-LEN(RIGHT(C7,27))) -> Dresses | L7: =LEFT(D7,LEN(D7)-LEN(RIGHT(D7,27))) -> Maxi | O7: Dirndls <9db476dc402403bf28a2606b> | P7: Women <000e8975d97b4e80ef00a955> | W7: =LEFT(O7,LEN(O7)-LEN(RIGHT(O7,27))) -> Dirndls | X7: =LEFT(P7,LEN(P7)-LEN(RIGHT(P7,27))) -> Women | Y7: =VLOOKUP(W7,$K$3:$L$658,1,) -> #N/A
B8: Women <000e8975d97b4e80ef00a955> | C8: Dresses <00108975d97b4e80ef00a955> | D8: Midi <003e9287d97b4e80ef00a955> | J8: =LEFT(B8,LEN(B8)-LEN(RIGHT(B8,27))) -> Women | K8: =LEFT(C8,LEN(C8)-LEN(RIGHT(C8,27))) -> Dresses | L8: =LEFT(D8,LEN(D8)-LEN(RIGHT(D8,27))) -> Midi | O8: Dresses <00108975d97b4e80ef00a955> | P8: Women <000e8975d97b4e80ef00a955> | W8: =LEFT(O8,LEN(O8)-LEN(RIGHT(O8,27))) -> Dresses | X8: =LEFT(P8,LEN(P8)-LEN(RIGHT(P8,27))) -> Women | Y8: =VLOOKUP(W8,$K$3:$L$658,1,) -> Dresses
B9: Women <000e8975d97b4e80ef00a955> | C9: Dresses <00108975d97b4e80ef00a955> | D9: Mini <003c9287d97b4e80ef00a955> | J9: =LEFT(B9,LEN(B9)-LEN(RIGHT(B9,27))) -> Women | K9: =LEFT(C9,LEN(C9)-LEN(RIGHT(C9,27))) -> Dresses | L9: =LEFT(D9,LEN(D9)-LEN(RIGHT(D9,27))) -> Mini | O9: Dupattas & Stoles <a2b476dd402403bf28a2606b> | P9: Women <000e8975d97b4e80ef00a955> | W9: =LEFT(O9,LEN(O9)-LEN(RIGHT(O9,27))) -> Dupattas & Stoles | X9: =LEFT(P9,LEN(P9)-LEN(RIGHT(P9,27))) -> Women | Y9: =VLOOKUP(W9,$K$3:$L$658,1,) -> #N/A
B10: Women <000e8975d97b4e80ef00a955> | C10: Dresses <00108975d97b4e80ef00a955> | D10: One Shoulder <00489287d97b4e80ef00a955> | J10: =LEFT(B10,LEN(B10)-LEN(RIGHT(B10,27))) -> Women | K10: =LEFT(C10,LEN(C10)-LEN(RIGHT(C10,27))) -> Dresses | L10: =LEFT(D10,LEN(D10)-LEN(RIGHT(D10,27))) -> One Shoulder | O10: Hanboks <9cb476dc402403bf28a2606b> | P10: Women <000e8975d97b4e80ef00a955> | W10: =LEFT(O10,LEN(O10)-LEN(RIGHT(O10,27))) -> Hanboks | X10: =LEFT(P10,LEN(P10)-LEN(RIGHT(P10,27))) -> Women | Y10: =VLOOKUP(W10,$K$3:$L$658,1,) -> #N/A
B11: Women <000e8975d97b4e80ef00a955> | C11: Dresses <00108975d97b4e80ef00a955> | D11: Prom <010082cfd97b4ecc3f0056aa> | J11: =LEFT(B11,LEN(B11)-LEN(RIGHT(B11,27))) -> Women | K11: =LEFT(C11,LEN(C11)-LEN(RIGHT(C11,27))) -> Dresses | L11: =LEFT(D11,LEN(D11)-LEN(RIGHT(D11,27))) -> Prom | O11: Harem Pants <a3b476dd402403bf28a2606b> | P11: Women <000e8975d97b4e80ef00a955> | W11: =LEFT(O11,LEN(O11)-LEN(RIGHT(O11,27))) -> Harem Pants | X11: =LEFT(P11,LEN(P11)-LEN(RIGHT(P11,27))) -> Women | Y11: =VLOOKUP(W11,$K$3:$L$658,1,) -> #N/A
B12: Women <000e8975d97b4e80ef00a955> | C12: Dresses <00108975d97b4e80ef00a955> | D12: Strapless <004a9287d97b4e80ef00a955> | J12: =LEFT(B12,LEN(B12)-LEN(RIGHT(B12,27))) -> Women | K12: =LEFT(C12,LEN(C12)-LEN(RIGHT(C12,27))) -> Dresses | L12: =LEFT(D12,LEN(D12)-LEN(RIGHT(D12,27))) -> Strapless | O12: Hijabs <9eb476dc402403bf28a2606b> | P12: Women <000e8975d97b4e80ef00a955> | W12: =LEFT(O12,LEN(O12)-LEN(RIGHT(O12,27))) -> Hijabs | X12: =LEFT(P12,LEN(P12)-LEN(RIGHT(P12,27))) -> Women | Y12: =VLOOKUP(W12,$K$3:$L$658,1,) -> #N/A
B13: Women <000e8975d97b4e80ef00a955> | C13: Dresses <00108975d97b4e80ef00a955> | D13: Wedding <020082d1d97b4ecc3f0056aa> | J13: =LEFT(B13,LEN(B13)-LEN(RIGHT(B13,27))) -> Women | K13: =LEFT(C13,LEN(C13)-LEN(RIGHT(C13,27))) -> Dresses | L13: =LEFT(D13,LEN(D13)-LEN(RIGHT(D13,27))) -> Wedding | O13: Huipils <9fb476dd402403bf28a2606b> | P13: Women <000e8975d97b4e80ef00a955> | W13: =LEFT(O13,LEN(O13)-LEN(RIGHT(O13,27))) -> Huipils | X13: =LEFT(P13,LEN(P13)-LEN(RIGHT(P13,27))) -> Women | Y13: =VLOOKUP(W13,$K$3:$L$658,1,) -> #N/A
B14: Women <000e8975d97b4e80ef00a955> | C14: Skirts <00128975d97b4e80ef00a955> | D14: A-Line or Full <00589287d97b4e80ef00a955> | J14: =LEFT(B14,LEN(B14)-LEN(RIGHT(B14,27))) -> Women | K14: =LEFT(C14,LEN(C14)-LEN(RIGHT(C14,27))) -> Skirts | L14: =LEFT(D14,LEN(D14)-LEN(RIGHT(D14,27))) -> A-Line or Full | O14: Intimates & Sleepwear <00208975d97b4e80ef00a955> | P14: Women <000e8975d97b4e80ef00a955> | W14: =LEFT(O14,LEN(O14)-LEN(RIGHT(O14,27))) -> Intimates & Sleepwear | X14: =LEFT(P14,LEN(P14)-LEN(RIGHT(P14,27))) -> Women | Y14: =VLOOKUP(W14,$K$3:$L$658,1,) -> Intimates & Sleepwear
B15: Women <000e8975d97b4e80ef00a955> | C15: Skirts <00128975d97b4e80ef00a955> | D15: Asymmetrical <00569287d97b4e80ef00a955> | J15: =LEFT(B15,LEN(B15)-LEN(RIGHT(B15,27))) -> Women | K15: =LEFT(C15,LEN(C15)-LEN(RIGHT(C15,27))) -> Skirts | L15: =LEFT(D15,LEN(D15)-LEN(RIGHT(D15,27))) -> Asymmetrical | O15: Jackets & Coats <00148975d97b4e80ef00a955> | P15: Women <000e8975d97b4e80ef00a955> | W15: =LEFT(O15,LEN(O15)-LEN(RIGHT(O15,27))) -> Jackets & Coats | X15: =LEFT(P15,LEN(P15)-LEN(RIGHT(P15,27))) -> Women | Y15: =VLOOKUP(W15,$K$3:$L$658,1,) -> Jackets & Coats
... B122: Women <000e8975d97b4e80ef00a955> | C122: Shoes <00268975d97b4e80ef00a955> | D122: Winter & Rain Boots <00f49287d97b4e80ef00a955> | J122: =LEFT(B122,LEN(B122)-LEN(RIGHT(B122,27))) -> Women | K122: =LEFT(C122,LEN(C122)-LEN(RIGHT(C122,27))) -> Shoes | L122: =LEFT(D122,LEN(D122)-LEN(RIGHT(D122,27))) -> Winter & Rain Boots | O122: Other <548e4884402403bc7f6c6157> | P122: Electronics <583c7d134024035188906153> | W122: =LEFT(O122,LEN(O122)-LEN(RIGHT(O122,27))) -> Other | X122: =LEFT(P122,LEN(P122)-LEN(RIGHT(P122,27))) -> Electronics | Y122: =VLOOKUP(W122,$K$3:$L$658,1,) -> #N/A
B123: Women <000e8975d97b4e80ef00a955> | C123: Jewelry <00288975d97b4e80ef00a955> | D123: Bracelets <01149287d97b4e80ef00a955> | J123: =LEFT(B123,LEN(B123)-LEN(RIGHT(B123,27))) -> Women | K123: =LEFT(C123,LEN(C123)-LEN(RIGHT(C123,27))) -> Jewelry | L123: =LEFT(D123,LEN(D123)-LEN(RIGHT(D123,27))) -> Bracelets | W123: =LEFT(O123,LEN(O123)-LEN(RIGHT(O123,27))) | X123: =LEFT(P123,LEN(P123)-LEN(RIGHT(P123,27)))
B124: Women <000e8975d97b4e80ef00a955> | C124: Jewelry <00288975d97b4e80ef00a955> | D124: Brooches <011c9287d97b4e80ef00a955> | J124: =LEFT(B124,LEN(B124)-LEN(RIGHT(B124,27))) -> Women | K124: =LEFT(C124,LEN(C124)-LEN(RIGHT(C124,27))) -> Jewelry | L124: =LEFT(D124,LEN(D124)-LEN(RIGHT(D124,27))) -> Brooches | W124: =LEFT(O124,LEN(O124)-LEN(RIGHT(O124,27))) | X124: =LEFT(P124,LEN(P124)-LEN(RIGHT(P124,27)))
B125: Women <000e8975d97b4e80ef00a955> | C125: Jewelry <00288975d97b4e80ef00a955> | D125: Earrings <01169287d97b4e80ef00a955> | J125: =LEFT(B125,LEN(B125)-LEN(RIGHT(B125,27))) -> Women | K125: =LEFT(C125,LEN(C125)-LEN(RIGHT(C125,27))) -> Jewelry | L125: =LEFT(D125,LEN(D125)-LEN(RIGHT(D125,27))) -> Earrings | W125: =LEFT(O125,LEN(O125)-LEN(RIGHT(O125,27))) | X125: =LEFT(P125,LEN(P125)-LEN(RIGHT(P125,27)))
B126: Women <000e8975d97b4e80ef00a955> | C126: Jewelry <00288975d97b4e80ef00a955> | D126: Necklaces <01189287d97b4e80ef00a955> | J126: =LEFT(B126,LEN(B126)-LEN(RIGHT(B126,27))) -> Women | K126: =LEFT(C126,LEN(C126)-LEN(RIGHT(C126,27))) -> Jewelry | L126: =LEFT(D126,LEN(D126)-LEN(RIGHT(D126,27))) -> Necklaces | W126: =LEFT(O126,LEN(O126)-LEN(RIGHT(O126,27))) | X126: =LEFT(P126,LEN(P126)-LEN(RIGHT(P126,27)))
B127: Women <000e8975d97b4e80ef00a955> | C127: Jewelry <00288975d97b4e80ef00a955> | D127: Rings <011a9287d97b4e80ef00a955> | J127: =LEFT(B127,LEN(B127)-LEN(RIGHT(B127,27))) -> Women | K127: =LEFT(C127,LEN(C127)-LEN(RIGHT(C127,27))) -> Jewelry | L127: =LEFT(D127,LEN(D127)-LEN(RIGHT(D127,27))) -> Rings | W127: =LEFT(O127,LEN(O127)-LEN(RIGHT(O127,27))) | X127: =LEFT(P127,LEN(P127)-LEN(RIGHT(P127,27)))
B128: Women <000e8975d97b4e80ef00a955> | C128: Accessories <002a8975d97b4e80ef00a955> | D128: Belts <011e9287d97b4e80ef00a955> | J128: =LEFT(B128,LEN(B128)-LEN(RIGHT(B128,27))) -> Women | K128: =LEFT(C128,LEN(C128)-LEN(RIGHT(C128,27))) -> Accessories | L128: =LEFT(D128,LEN(D128)-LEN(RIGHT(D128,27))) -> Belts | W128: =LEFT(O128,LEN(O128)-LEN(RIGHT(O128,27))) | X128: =LEFT(P128,LEN(P128)-LEN(RIGHT(P128,27)))
B129: Women <000e8975d97b4e80ef00a955> | C129: Accessories <002a8975d97b4e80ef00a955> | D129: Face Masks <877df9aaaabb083120f45ec2> | J129: =LEFT(B129,LEN(B129)-LEN(RIGHT(B129,27))) -> Women | K129: =LEFT(C129,LEN(C129)-LEN(RIGHT(C129,27))) -> Accessories | L129: =LEFT(D129,LEN(D129)-LEN(RIGHT(D129,27))) -> Face Masks | W129: =LEFT(O129,LEN(O129)-LEN(RIGHT(O129,27))) | X129: =LEFT(P129,LEN(P129)-LEN(RIGHT(P129,27)))
B130: Women <000e8975d97b4e80ef00a955> | C130: Accessories <002a8975d97b4e80ef00a955> | D130: Glasses <01209287d97b4e80ef00a955> | J130: =LEFT(B130,LEN(B130)-LEN(RIGHT(B130,27))) -> Women | K130: =LEFT(C130,LEN(C130)-LEN(RIGHT(C130,27))) -> Accessories | L130: =LEFT(D130,LEN(D130)-LEN(RIGHT(D130,27))) -> Glasses | W130: =LEFT(O130,LEN(O130)-LEN(RIGHT(O130,27))) | X130: =LEFT(P130,LEN(P130)-LEN(RIGHT(P130,27)))
B131: Women <000e8975d97b4e80ef00a955> | C131: Accessories <002a8975d97b4e80ef00a955> | D131: Gloves & Mittens <01229287d97b4e80ef00a955> | J131: =LEFT(B131,LEN(B131)-LEN(RIGHT(B131,27))) -> Women | K131: =LEFT(C131,LEN(C131)-LEN(RIGHT(C131,27))) -> Accessories | L131: =LEFT(D131,LEN(D131)-LEN(RIGHT(D131,27))) -> Gloves & Mittens | W131: =LEFT(O131,LEN(O131)-LEN(RIGHT(O131,27))) | X131: =LEFT(P131,LEN(P131)-LEN(RIGHT(P131,27)))
B132: Women <000e8975d97b4e80ef00a955> | C132: Accessories <002a8975d97b4e80ef00a955> | D132: Hair Accessories <01249287d97b4e80ef00a955> | J132: =LEFT(B132,LEN(B132)-LEN(RIGHT(B132,27))) -> Women | K132: =LEFT(C132,LEN(C132)-LEN(RIGHT(C132,27))) -> Accessories | L132: =LEFT(D132,LEN(D132)-LEN(RIGHT(D132,27))) -> Hair Accessories | W132: =LEFT(O132,LEN(O132)-LEN(RIGHT(O132,27))) | X132: =LEFT(P132,LEN(P132)-LEN(RIGHT(P132,27)))
B133: Women <000e8975d97b4e80ef00a955> | C133: Accessories <002a8975d97b4e80ef00a955> | D133: Hats <01269287d97b4e80ef00a955> | J133: =LEFT(B133,LEN(B133)-LEN(RIGHT(B133,27))) -> Women | K133: =LEFT(C133,LEN(C133)-LEN(RIGHT(C133,27))) -> Accessories | L133: =LEFT(D133,LEN(D133)-LEN(RIGHT(D133,27))) -> Hats | W133: =LEFT(O133,LEN(O133)-LEN(RIGHT(O133,27))) | X133: =LEFT(P133,LEN(P133)-LEN(RIGHT(P133,27)))
B134: Women <000e8975d97b4e80ef00a955> | C134: Accessories <002a8975d97b4e80ef00a955> | D134: Hosiery & Socks <01289287d97b4e80ef00a955> | J134: =LEFT(B134,LEN(B134)-LEN(RIGHT(B134,27))) -> Women | K134: =LEFT(C134,LEN(C134)-LEN(RIGHT(C134,27))) -> Accessories | L134: =LEFT(D134,LEN(D134)-LEN(RIGHT(D134,27))) -> Hosiery & Socks | W134: =LEFT(O134,LEN(O134)-LEN(RIGHT(O134,27))) | X134: =LEFT(P134,LEN(P134)-LEN(RIGHT(P134,27)))
... B155: Women <000e8975d97b4e80ef00a955> | C155: Makeup <002c8975d97b4e80ef00a955> | D155: Lip Liner <01529287d97b4e80ef00a955> | J155: =LEFT(B155,LEN(B155)-LEN(RIGHT(B155,27))) -> Women | K155: =LEFT(C155,LEN(C155)-LEN(RIGHT(C155,27))) -> Makeup | L155: =LEFT(D155,LEN(D155)-LEN(RIGHT(D155,27))) -> Lip Liner | W155: =LEFT(O155,LEN(O155)-LEN(RIGHT(O155,27))) | X155: =LEFT(P155,LEN(P155)-LEN(RIGHT(P155,27)))
B156: Women <000e8975d97b4e80ef00a955> | C156: Makeup <002c8975d97b4e80ef00a955> | D156: Lipstick <01549287d97b4e80ef00a955> | J156: =LEFT(B156,LEN(B156)-LEN(RIGHT(B156,27))) -> Women | K156: =LEFT(C156,LEN(C156)-LEN(RIGHT(C156,27))) -> Makeup | L156: =LEFT(D156,LEN(D156)-LEN(RIGHT(D156,27))) -> Lipstick
B157: Women <000e8975d97b4e80ef00a955> | C157: Makeup <002c8975d97b4e80ef00a955> | D157: Mascara <01589287d97b4e80ef00a955> | J157: =LEFT(B157,LEN(B157)-LEN(RIGHT(B157,27))) -> Women | K157: =LEFT(C157,LEN(C157)-LEN(RIGHT(C157,27))) -> Makeup | L157: =LEFT(D157,LEN(D157)-LEN(RIGHT(D157,27))) -> Mascara
B158: Women <000e8975d97b4e80ef00a955> | C158: Makeup <002c8975d97b4e80ef00a955> | D158: Nail Tools <897df9aaaabb083120f45ec2> | J158: =LEFT(B158,LEN(B158)-LEN(RIGHT(B158,27))) -> Women | K158: =LEFT(C158,LEN(C158)-LEN(RIGHT(C158,27))) -> Makeup | L158: =LEFT(D158,LEN(D158)-LEN(RIGHT(D158,27))) -> Nail Tools
B159: Women <000e8975d97b4e80ef00a955> | C159: Makeup <002c8975d97b4e80ef00a955> | D159: Press-On Nails <887df9aaaabb083120f45ec2> | J159: =LEFT(B159,LEN(B159)-LEN(RIGHT(B159,27))) -> Women | K159: =LEFT(C159,LEN(C159)-LEN(RIGHT(C159,27))) -> Makeup | L159: =LEFT(D159,LEN(D159)-LEN(RIGHT(D159,27))) -> Press-On Nails
B160: Women <000e8975d97b4e80ef00a955> | C160: Makeup <002c8975d97b4e80ef00a955> | D160: Primer <014a9287d97b4e80ef00a955> | J160: =LEFT(B160,LEN(B160)-LEN(RIGHT(B160,27))) -> Women | K160: =LEFT(C160,LEN(C160)-LEN(RIGHT(C160,27))) -> Makeup | L160: =LEFT(D160,LEN(D160)-LEN(RIGHT(D160,27))) -> Primer
B161: Women <000e8975d97b4e80ef00a955> | C161: Makeup <002c8975d97b4e80ef00a955> | D161: Setting Powder & Spray <01489287d97b4e80ef00a955> | J161: =LEFT(B161,LEN(B161)-LEN(RIGHT(B161,27))) -> Women | K161: =LEFT(C161,LEN(C161)-LEN(RIGHT(C161,27))) -> Makeup | L161: =LEFT(D161,LEN(D161)-LEN(RIGHT(D161,27))) -> Setting Powder & Spray
B162: Women <000e8975d97b4e80ef00a955> | C162: Skincare <6e7df9aaaabb083120f45ec2> | D162: Acne & Blemish <8a7df9aaaabb083120f45ec2> | J162: =LEFT(B162,LEN(B162)-LEN(RIGHT(B162,27))) -> Women | K162: =LEFT(C162,LEN(C162)-LEN(RIGHT(C162,27))) -> Skincare | L162: =LEFT(D162,LEN(D162)-LEN(RIGHT(D162,27))) -> Acne & Blemish
B163: Women <000e8975d97b4e80ef00a955> | C163: Skincare <6e7df9aaaabb083120f45ec2> | D163: Cleanser & Exfoliant <8b7df9aaaabb083120f45ec2> | J163: =LEFT(B163,LEN(B163)-LEN(RIGHT(B163,27))) -> Women | K163: =LEFT(C163,LEN(C163)-LEN(RIGHT(C163,27))) -> Skincare | L163: =LEFT(D163,LEN(D163)-LEN(RIGHT(D163,27))) -> Cleanser & Exfoliant
B164: Women <000e8975d97b4e80ef00a955> | C164: Skincare <6e7df9aaaabb083120f45ec2> | D164: Eye Cream <8c7df9aaaabb083120f45ec2> | J164: =LEFT(B164,LEN(B164)-LEN(RIGHT(B164,27))) -> Women | K164: =LEFT(C164,LEN(C164)-LEN(RIGHT(C164,27))) -> Skincare | L164: =LEFT(D164,LEN(D164)-LEN(RIGHT(D164,27))) -> Eye Cream
B165: Women <000e8975d97b4e80ef00a955> | C165: Skincare <6e7df9aaaabb083120f45ec2> | D165: Makeup Remover <957df9aaaabb083120f45ec2> | J165: =LEFT(B165,LEN(B165)-LEN(RIGHT(B165,27))) -> Women | K165: =LEFT(C165,LEN(C165)-LEN(RIGHT(C165,27))) -> Skincare | L165: =LEFT(D165,LEN(D165)-LEN(RIGHT(D165,27))) -> Makeup Remover
B166: Women <000e8975d97b4e80ef00a955> | C166: Skincare <6e7df9aaaabb083120f45ec2> | D166: Mask <8d7df9aaaabb083120f45ec2> | J166: =LEFT(B166,LEN(B166)-LEN(RIGHT(B166,27))) -> Women | K166: =LEFT(C166,LEN(C166)-LEN(RIGHT(C166,27))) -> Skincare | L166: =LEFT(D166,LEN(D166)-LEN(RIGHT(D166,27))) -> Mask
B167: Women <000e8975d97b4e80ef00a955> | C167: Skincare <6e7df9aaaabb083120f45ec2> | D167: Moisturizer <8e7df9aaaabb083120f45ec2> | J167: =LEFT(B167,LEN(B167)-LEN(RIGHT(B167,27))) -> Women | K167: =LEFT(C167,LEN(C167)-LEN(RIGHT(C167,27))) -> Skincare | L167: =LEFT(D167,LEN(D167)-LEN(RIGHT(D167,27))) -> Moisturizer
... B658: Electronics <583c7d134024035188906153> | C658: Musical instruments <538e4884402403bc7f6c6157> | D658: Other Pro Audio Equipment <46c83694402403da5111615b> | J658: =LEFT(B658,LEN(B658)-LEN(RIGHT(B658,27))) -> Electronics | K658: =LEFT(C658,LEN(C658)-LEN(RIGHT(C658,27))) -> Musical instruments | L658: =LEFT(D658,LEN(D658)-LEN(RIGHT(D658,27))) -> Other Pro Audio Equipment
J659: Women | K659: Ao Dais
J660: Women | K660: Cheongsams & Qipaos
J661: Women | K661: Dirndls
J662: Women | K662: Dupattas & Stoles
J663: Women | K663: Hanboks
J664: Women | K664: Harem Pants
J665: Women | K665: Hijabs
J666: Women | K666: Huipils
J667: Women | K667: Kaftans
J668: Women | K668: Kimonos & Yukatas
J669: Women | K669: Kurta Bottoms
J670: Women | K670: Kurtas
... J702: Home | K702: Other

Sheet Sheet3
A1: a | B1: b | C1: c
A2: Accessories | B2: Women | C2: Accessories | G2: Camera, Photo & Video
A3: Ao Dais | B3: Women | C3: #N/A | G3: Car audio, video & GPS
A4: Bags | B4: Women | C4: Bags | G4: Cell Phones & Accessories
A5: Cheongsams & Qipaos | B5: Women | C5: #N/A | G5: Computers, Laptops & Accessories
A6: Dirndls | B6: Women | C6: #N/A | G6: Drones
A7: Dresses | B7: Women | C7: Dresses | G7: Headphones
A8: Dupattas & Stoles | B8: Women | C8: #N/A | G8: Home Audio
A9: Hanboks | B9: Women | C9: #N/A | G9: Media
A10: Harem Pants | B10: Women | C10: #N/A | G10: Musical instruments
A11: Hijabs | B11: Women | C11: #N/A | G11: Networking
A12: Huipils | B12: Women | C12: #N/A | G12: Other
A13: Intimates & Sleepwear | B13: Women | C13: Intimates & Sleepwear | G13: Portable Audio & Video
A14: Jackets & Coats | B14: Women | C14: Jackets & Coats | G14: Print, Copy, Scan & Fax
A15: Jeans | B15: Women | C15: Jeans | G15: Smart Home & Security
A16: Jewelry | B16: Women | C16: Jewelry | G16: Tablets, E-Readers & Accessories
A17: Kaftans | B17: Women | C17: #N/A | G17: TV & Video
A18: Kimonos & Yukatas | B18: Women | C18: #N/A | G18: Video Games & Consoles
A19: Kurta Bottoms | B19: Women | C19: #N/A | G19: VR, AR & Accessories
A20: Kurtas | B20: Women | C20: #N/A | G20: Wearables
A21: Lehengas | B21: Women | C21: #N/A
A22: Makeup | B22: Women | C22: Makeup
A23: Palazzo Pants | B23: Women | C23: #N/A
A24: Pants & Jumpsuits | B24: Women | C24: Pants & Jumpsuits
A25: Patiala Pants | B25: Women | C25: #N/A
A26: Salwars | B26: Women | C26: #N/A
A27: Saree Blouses | B27: Women | C27: #N/A
A28: Sarees | B28: Women | C28: #N/A
A29: Shoes | B29: Women | C29: Shoes
A30: Shorts | B30: Women | C30: Shorts
A31: Skirts | B31: Women | C31: Skirts
A32: Sweaters | B32: Women | C32: Sweaters
A33: Swim | B33: Women | C33: Swim
A34: Tops | B34: Women | C34: Tops
A35: Treggings | B35: Women | C35: #N/A
A36: Skincare | B36: Women | C36: Skincare
A37: Hair | B37: Women | C37: Hair
A38: Bath & Body | B38: Women | C38: Bath & Body
A39: Other | B39: Women | C39: #N/A
A40: Accessories | B40: Men | C40: Accessories
A41: Agbadas & Dashikis | B41: Men | C41: #N/A
A42: Ao Dais | B42: Men | C42: #N/A
A43: Bags | B43: Men | C43: Bags
A44: Changshans | B44: Men | C44: #N/A
A45: Hanboks | B45: Men | C45: #N/A
A46: Jackets & Coats | B46: Men | C46: Jackets & Coats
A47: Jeans | B47: Men | C47: Jeans
A48: Kaftans | B48: Men | C48: #N/A
A49: Keffiyehs | B49: Men | C49: #N/A
A50: Kilts | B50: Men | C50: #N/A
A51: Kimonos & Yukatas | B51: Men | C51: #N/A
A52: Kurta Bottoms | B52: Men | C52: #N/A
A53: Kurtas | B53: Men | C53: #N/A
A54: Lederhosen | B54: Men | C54: #N/A
A55: Nehru Jackets | B55: Men | C55: #N/A
A56: Pants | B56: Men | C56: Pants
A57: Ponchos & Serapes | B57: Men | C57: #N/A
A58: Sherwanis | B58: Men | C58: #N/A
A59: Shirts | B59: Men | C59: Shirts
A60: Shoes | B60: Men | C60: Shoes
A61: Shorts | B61: Men | C61: Shorts
A62: Suits & Blazers | B62: Men | C62: Suits & Blazers
A63: Sweaters | B63: Men | C63: Sweaters
A64: Swim | B64: Men | C64: Swim
A65: Underwear & Socks | B65: Men | C65: Underwear & Socks
A66: Grooming | B66: Men | C66: Grooming
A67: Other | B67: Men | C67: #N/A
A68: Accessories | B68: Kids | C68: Accessories
A69: Bottoms | B69: Kids | C69: Bottoms
A70: Dresses | B70: Kids | C70: Dresses
A71: Jackets & Coats | B71: Kids | C71: Jackets & Coats
A72: Matching Sets | B72: Kids | C72: #N/A
A73: One Pieces | B73: Kids | C73: One Pieces
A74: Pajamas | B74: Kids | C74: Pajamas
A75: Shirts & Tops | B75: Kids | C75: Shirts & Tops
A76: Shoes | B76: Kids | C76: Shoes
A77: Swim | B77: Kids | C77: Swim
A78: Costumes | B78: Kids | C78: Costumes
A79: Bath, Skin & Hair | B79: Kids | C79: Bath, Skin & Hair
A80: Toys | B80: Kids | C80: Toys
A81: Other | B81: Kids | C81: #N/A
A82: Accents | B82: Home | C82: Accents
A83: Art | B83: Home | C83: Art
A84: Bath | B84: Home | C84: Bath
A85: Bedding | B85: Home | C85: Bedding
A86: Design | B86: Home | C86: Design
A87: Dining | B87: Home | C87: Dining
A88: Games | B88: Home | C88: Games
A89: Holiday | B89: Home | C89: Holiday
A90: Kitchen | B90: Home | C90: Kitchen
A91: Office | B91: Home | C91: Office
A92: Party Supplies | B92: Home | C92: Party Supplies
A93: Storage & Organization | B93: Home | C93: Storage & Organization
A94: Wall Decor | B94: Home | C94: Wall Decor
A95: Other | B95: Home | C95: #N/A
A96: Dog | B96: Pets | C96: Dog
A97: Cat | B97: Pets | C97: Cat
A98: Bird | B98: Pets | C98: Bird
A99: Fish | B99: Pets | C99: Fish
A100: Reptile | B100: Pets | C100: Reptile
...

Sheet TimeFormat
B7: =NOW() -> 46153.351 | C7: {=CELL("format",B7)} -> #VALUE!
B8: 44124.599 | C8: {=CELL("format",B8)} -> #VALUE!
G14: =TEXT(F16,"D4") -> 304
D16: 1/3/s00 12:070sd:00 AM | E16: {=AND(CELL("format",D16)="D4",RIGHT(D16,5))} -> #VALUE! | F16: ='Listing Details'!Z3 | G16: =TEXT(F16,"MM/DD/YY hh:mm AM/PM") -> 12/30/99 12:00 AM | H16: =RIGHT(G16,5) -> 00 AM | I16: =LEFT(H16,2) -> 00
G19: =MOD(LEFT(RIGHT(TEXT(F16,"MM/DD/YY hh:mm AM/PM"),5),2),30)=0 -> TRUE
